display_name,generic_name,product_name,manufacturer,spec_unit,price_yen,notes,part,kana_group,marker
アスコルビン酸注射液,アスコルビン酸注射液,,,"2,500mg10mL1A",87.0,,1部,◆あ◆,
動物用25％ビタミンＣ注,アスコルビン酸注射液,動物用25％ビタミンＣ注,日本全薬工業,"2,500mg10mL1A",87.0,,1部,◆あ◆,
アドレナリン注射液,アドレナリン注射液,,,0.1％1mL1A,188.0,塩酸エピネフリン注射液、塩酸アドレナリン注射液、エピネフリン注射液,1部,◆あ◆,(局)
アモキシシリン油性懸濁注射液,アモキシシリン油性懸濁注射液,,,150mg(力価)1mLＶ,23.0,,1部,◆あ◆,
アモキシシリンLA注,アモキシシリン油性懸濁注射液,アモキシシリンLA注,リケンベッツファーマ,150mg(力価)1mLＶ,23.0,,1部,◆あ◆,
安息香酸ナトリウムカフェイン注射液,安息香酸ナトリウムカフェイン注射液,,,20%10mL1Ａ,79.0,アンナカ注射液,1部,◆あ◆,
20％アンナカ注,安息香酸ナトリウムカフェイン注射液,20％アンナカ注,日本全薬工業,20%10mL1Ａ,79.0,アンナカ注射液,1部,◆あ◆,
アンピシリン注射液,アンピシリン注射液,,,200mg(力価)1mLＶ,20.0,,1部,◆あ◆,
水性アンピシリン注　「KS」,アンピシリン注射液,水性アンピシリン注　「KS」,共立製薬,200mg(力価)1mLＶ,20.0,,1部,◆あ◆,
アンピシリンLA注,アンピシリン注射液,アンピシリンLA注,リケンベッツファーマ,200mg(力価)1mLＶ,20.0,,1部,◆あ◆,
アンピシリン注射液NZ,アンピシリン注射液,アンピシリン注射液NZ,日本全薬工業,200mg(力価)1mLＶ,20.0,,1部,◆あ◆,
アンピシリンナトリウム注射液,アンピシリンナトリウム注射液,,,3g(力価)1Ｖ,373.0,,1部,◆あ◆,
アンピEZショット,アンピシリンナトリウム注射液,アンピEZショット,リケンベッツファーマ,3g(力価)1Ｖ,373.0,,1部,◆あ◆,
注射用ビクシリン,アンピシリンナトリウム注射液,注射用ビクシリン,明治アニマルヘルス,3g(力価)1Ｖ,373.0,,1部,◆あ◆,
アンピシリンナトリウム注射液,アンピシリンナトリウム注射液,,,4g(力価)1Ｖ,774.0,,1部,◆あ◆,
アンピEZショット,アンピシリンナトリウム注射液,アンピEZショット,リケンベッツファーマ,4g(力価)1Ｖ,774.0,,1部,◆あ◆,
注射用ビクシリン,アンピシリンナトリウム注射液,注射用ビクシリン,明治アニマルヘルス,4g(力価)1Ｖ,774.0,,1部,◆あ◆,
アンピシリンナトリウム注射液,アンピシリンナトリウム注射液,,,6g(力価)1Ｖ,780.0,,1部,◆あ◆,
アンピEZショット,アンピシリンナトリウム注射液,アンピEZショット,リケンベッツファーマ,6g(力価)1Ｖ,780.0,,1部,◆あ◆,
注射用ビクシリン,アンピシリンナトリウム注射液,注射用ビクシリン,明治アニマルヘルス,6g(力価)1Ｖ,780.0,,1部,◆あ◆,
注射用アンピシリンナトリウム,注射用アンピシリンナトリウム,,,1g(力価)1Ｖ,122.0,,1部,◆あ◆,
アンピシリンナトリウム注「フジタ」,注射用アンピシリンナトリウム,アンピシリンナトリウム注「フジタ」,フジタ製薬,1g(力価)1Ｖ,122.0,,1部,◆あ◆,
注射用アンピシリンナトリウム,注射用アンピシリンナトリウム,,,3g(力価)1Ｖ,301.0,,1部,◆あ◆,
注射用アンピシリンナトリウムNZ,注射用アンピシリンナトリウム,注射用アンピシリンナトリウムNZ,日本全薬工業,3g(力価)1Ｖ,301.0,,1部,◆あ◆,
注射用アンピシリンナトリウム,注射用アンピシリンナトリウム,,,4g(力価)1Ｖ,310.0,,1部,◆あ◆,
アンピシリンナトリウム注「フジタ」,注射用アンピシリンナトリウム,アンピシリンナトリウム注「フジタ」,フジタ製薬,4g(力価)1Ｖ,310.0,,1部,◆あ◆,
注射用アンピシリンナトリウム,注射用アンピシリンナトリウム,,,5g(力価)1Ｖ,335.0,,1部,◆あ◆,
アンピシリンナトリウム注「フジタ」,注射用アンピシリンナトリウム,アンピシリンナトリウム注「フジタ」,フジタ製薬,5g(力価)1Ｖ,335.0,,1部,◆あ◆,
注射用アンピシリンナトリウムNZ,注射用アンピシリンナトリウム,注射用アンピシリンナトリウムNZ,日本全薬工業,5g(力価)1Ｖ,335.0,,1部,◆あ◆,
アンピナトリウム注「タムラ」,注射用アンピシリンナトリウム,アンピナトリウム注「タムラ」,リケンベッツファーマ,5g(力価)1Ｖ,335.0,,1部,◆あ◆,
アンピシリンナトリウム・クロキサシリンナトリウム配合注射液,アンピシリンナトリウム・クロキサシリンナトリウム配合注射液,,,4g(力価)1Ｖ,719.0,,1部,◆あ◆,
注射用べテシリン,アンピシリンナトリウム・クロキサシリンナトリウム配合注射液,注射用べテシリン,明治アニマルヘルス,4g(力価)1Ｖ,719.0,,1部,◆あ◆,
アンピシリンナトリウム・クロキサシリンナトリウム配合注射液,アンピシリンナトリウム・クロキサシリンナトリウム配合注射液,,,6g(力価)1Ｖ,736.0,,1部,◆あ◆,
インタゲン,アンピシリンナトリウム・クロキサシリンナトリウム配合注射液,インタゲン,フジタ製薬,6g(力価)1Ｖ,736.0,,1部,◆あ◆,
アンピシリンナトリウム・クロキサシリンナトリウム配合注射液,アンピシリンナトリウム・クロキサシリンナトリウム配合注射液,,,8g(力価)1Ｖ,1202.0,,1部,◆あ◆,
注射用べテシリン,アンピシリンナトリウム・クロキサシリンナトリウム配合注射液,注射用べテシリン,明治アニマルヘルス,8g(力価)1Ｖ,1202.0,,1部,◆あ◆,
インフェゾール－V注射液,,インフェゾール－V注射液,日本全薬工業,500mL1Ｖ,230.0,,1部,◆い◆,
ウルソデオキシコール酸注射液,ウルソデオキシコール酸注射液,,,1％10mLＶ,252.0,,1部,◆う◆,
ウルソＶ注射液1000,ウルソデオキシコール酸注射液,ウルソＶ注射液1000,物産アニマルヘルス,1％10mLＶ,252.0,,1部,◆う◆,
ウルソデオキシコール酸注射液,ウルソデオキシコール酸注射液,,,2.5% 10mLＶ,223.0,,1部,◆う◆,
ウルソH注射液,ウルソデオキシコール酸注射液,ウルソH注射液,物産アニマルヘルス,2.5% 10mLＶ,223.0,,1部,◆う◆,
ウルソデオキシコール酸　「文永堂」　- 静注 -,ウルソデオキシコール酸注射液,ウルソデオキシコール酸　「文永堂」　- 静注 -,文永堂製薬,2.5% 10mLＶ,223.0,,1部,◆う◆,
ウルソデオキシコール酸注射液,ウルソデオキシコール酸注射液,,,2.5% 20mL1Ｖ,334.0,,1部,◆う◆,
ＵＤＣＡ注射液「KS」,ウルソデオキシコール酸注射液,ＵＤＣＡ注射液「KS」,共立製薬,2.5% 20mL1Ｖ,334.0,,1部,◆う◆,
ウルソデオキシコール酸注射液,ウルソデオキシコール酸注射液,,,10％10mLＶ,564.0,,1部,◆う◆,
ウルソ10%注,ウルソデオキシコール酸注射液,ウルソ10%注,リケンベッツファーマ,10％10mLＶ,564.0,,1部,◆う◆,
ウルソデスオキシコール酸注10％「フジタ」,ウルソデオキシコール酸注射液,ウルソデスオキシコール酸注10％「フジタ」,フジタ製薬,10％10mLＶ,564.0,,1部,◆う◆,
ウルソ注射液10％,ウルソデオキシコール酸注射液,ウルソ注射液10％,物産アニマルヘルス,10％10mLＶ,564.0,,1部,◆う◆,
エストラジオール安息香酸エステル注射液,エストラジオール安息香酸エステル注射液,,,2mg1mLＶ,70.0,,1部,◆え◆,
エストラジオール注「KS」,エストラジオール安息香酸エステル注射液,エストラジオール注「KS」,共立製薬,2mg1mLＶ,70.0,,1部,◆え◆,
動物用オバホルモン注,エストラジオール安息香酸エステル注射液,動物用オバホルモン注,あすかアニマルヘルス,2mg1mLＶ,70.0,,1部,◆え◆,
エストリオール注射液,エストリオール注射液,,,5mg 1mLＶ,178.0,,1部,◆え◆,
動物用ホーリン50,エストリオール注射液,動物用ホーリン50,あすかアニマルヘルス,5mg 1mLＶ,178.0,,1部,◆え◆,
ＡＤ3Ｅ注「文永堂」,エストリオール注射液,ＡＤ3Ｅ注「文永堂」,文永堂製薬,1mLＶ,30.0,,1部,◆え◆,
塩化ナトリウム注射液,塩化ナトリウム注射液,,,500mL1V,303.0,,1部,◆え◆,
高張食塩Ｖ注射液,塩化ナトリウム注射液,高張食塩Ｖ注射液,日本全薬工業,500mL1V,303.0,,1部,◆え◆,
塩化ナトリウム注射液,塩化ナトリウム注射液,,,"1,000mL1V",367.0,,1部,◆え◆,
高張食塩注「KS」,塩化ナトリウム注射液,高張食塩注「KS」,共立製薬,"1,000mL1V",367.0,,1部,◆え◆,
高張食塩Ｖ注射液,塩化ナトリウム注射液,高張食塩Ｖ注射液,日本全薬工業,"1,000mL1V",367.0,,1部,◆え◆,
塩化ベタネコール注射液,塩化ベタネコール注射液,,,0.25％10mL1Ａ,63.0,,1部,◆え◆,
ベサネコール注ＮＺ,塩化ベタネコール注射液,ベサネコール注ＮＺ,日本全薬工業,0.25％10mL1Ａ,63.0,,1部,◆え◆,
塩酸オキシテトラサイクリン注射液,塩酸オキシテトラサイクリン注射液,,,50mg(力価)１mLＶ,9.0,,1部,◆え◆,
オキシテトラサイクリン注ＮＺ,塩酸オキシテトラサイクリン注射液,オキシテトラサイクリン注ＮＺ,日本全薬工業,50mg(力価)１mLＶ,9.0,,1部,◆え◆,
ＯＴＣ注「KS」,塩酸オキシテトラサイクリン注射液,ＯＴＣ注「KS」,共立製薬,50mg(力価)１mLＶ,9.0,,1部,◆え◆,
塩酸オキシテトラサイクリン注射液,塩酸オキシテトラサイクリン注射液,,,100mg(力価)１mLＶ,11.0,,1部,◆え◆,
エンゲマイシン10％注射液,塩酸オキシテトラサイクリン注射液,エンゲマイシン10％注射液,MSDアニマルヘルス,100mg(力価)１mLＶ,11.0,,1部,◆え◆,
ＯＴＣ注10％　「フジタ」,塩酸オキシテトラサイクリン注射液,ＯＴＣ注10％　「フジタ」,フジタ製薬,100mg(力価)１mLＶ,11.0,,1部,◆え◆,
塩酸クレンブテロール注射液,塩酸クレンブテロール注射液,,,0.03mg1mLＶ,121.0,,1部,◆え◆,
プラニパート,塩酸クレンブテロール注射液,プラニパート,B.I.アニマルヘルスジャパン,0.03mg1mLＶ,121.0,,1部,◆え◆,
塩酸チアミン加ブドウ糖注射液,塩酸チアミン加ブドウ糖注射液,,,100mg 5%500mL1Ｖ(PB),232.0,,1部,◆え◆,
ビタミンＢ1加ブドウ糖Ｖ注射液5％,塩酸チアミン加ブドウ糖注射液,ビタミンＢ1加ブドウ糖Ｖ注射液5％,日本全薬工業,100mg 5%500mL1Ｖ(PB),232.0,,1部,◆え◆,
動物用ビタミンＢ1加ブドウ糖注5％「KS」,塩酸チアミン加ブドウ糖注射液,動物用ビタミンＢ1加ブドウ糖注5％「KS」,共立製薬,100mg 5%500mL1Ｖ(PB),232.0,,1部,◆え◆,
塩酸チアミン加ブドウ糖注射液,塩酸チアミン加ブドウ糖注射液,,,"200mg 5%1,000mL1Ｖ(PB)",333.0,,1部,◆え◆,
ビタミンＢ1加ブドウ糖Ｖ注射液5％,塩酸チアミン加ブドウ糖注射液,ビタミンＢ1加ブドウ糖Ｖ注射液5％,日本全薬工業,"200mg 5%1,000mL1Ｖ(PB)",333.0,,1部,◆え◆,
動物用ビタミンＢ1加ブドウ糖注5％「KS」,塩酸チアミン加ブドウ糖注射液,動物用ビタミンＢ1加ブドウ糖注5％「KS」,共立製薬,"200mg 5%1,000mL1Ｖ(PB)",333.0,,1部,◆え◆,
塩酸チアミン加ブドウ糖注射液,塩酸チアミン加ブドウ糖注射液,,,100mg 25%500mL1Ｖ(PB),260.0,,1部,◆え◆,
ビタミンＢ1加ブドウ糖Ｖ注射液25％,塩酸チアミン加ブドウ糖注射液,ビタミンＢ1加ブドウ糖Ｖ注射液25％,日本全薬工業,100mg 25%500mL1Ｖ(PB),260.0,,1部,◆え◆,
動物用ビタミンＢ1加ブドウ糖注25％「KS」,塩酸チアミン加ブドウ糖注射液,動物用ビタミンＢ1加ブドウ糖注25％「KS」,共立製薬,100mg 25%500mL1Ｖ(PB),260.0,,1部,◆え◆,
塩酸チアミン加ブドウ糖注射液,塩酸チアミン加ブドウ糖注射液,,,"200mg 25%1,000mL1Ｖ",382.0,,1部,◆え◆,
ビタミンＢ1加ブドウ糖Ｖ注射液25％,塩酸チアミン加ブドウ糖注射液,ビタミンＢ1加ブドウ糖Ｖ注射液25％,日本全薬工業,"200mg 25%1,000mL1Ｖ",382.0,,1部,◆え◆,
塩酸チアミン加ブドウ糖注射液,塩酸チアミン加ブドウ糖注射液,,,100mg 40%500mL1Ｖ(PB),351.0,,1部,◆え◆,
ビタミンＢ1加ブドウ糖Ｖ注射液40％,塩酸チアミン加ブドウ糖注射液,ビタミンＢ1加ブドウ糖Ｖ注射液40％,日本全薬工業,100mg 40%500mL1Ｖ(PB),351.0,,1部,◆え◆,
塩酸チアミン加ブドウ糖注射液,塩酸チアミン加ブドウ糖注射液,,,100mg 50%500mL1Ｖ,273.0,,1部,◆え◆,
ビタミンＢ1加ブドウ糖Ｖ注射液50％,塩酸チアミン加ブドウ糖注射液,ビタミンＢ1加ブドウ糖Ｖ注射液50％,日本全薬工業,100mg 50%500mL1Ｖ,273.0,,1部,◆え◆,
塩酸チアミン加リンゲル注射液,塩酸チアミン加リンゲル注射液,,,50mg500mL1Ｖ(PB),215.0,,1部,◆え◆,
ビタミンＢ1加リンゲル液,塩酸チアミン加リンゲル注射液,ビタミンＢ1加リンゲル液,共立製薬,50mg500mL1Ｖ(PB),215.0,,1部,◆え◆,
ビタミンＢ1加リンゲルＶ注射液,塩酸チアミン加リンゲル注射液,ビタミンＢ1加リンゲルＶ注射液,日本全薬工業,50mg500mL1Ｖ(PB),215.0,,1部,◆え◆,
塩酸チアミン加リンゲル注射液,塩酸チアミン加リンゲル注射液,,,"100mg1,000mL1Ｖ(PB)",305.0,,1部,◆え◆,
ビタミンＢ1加リンゲル液,塩酸チアミン加リンゲル注射液,ビタミンＢ1加リンゲル液,共立製薬,"100mg1,000mL1Ｖ(PB)",305.0,,1部,◆え◆,
ビタミンＢ1加リンゲルＶ注射液,塩酸チアミン加リンゲル注射液,ビタミンＢ1加リンゲルＶ注射液,日本全薬工業,"100mg1,000mL1Ｖ(PB)",305.0,,1部,◆え◆,
塩酸メトクロプラミド注射液,塩酸メトクロプラミド注射液,,,50mg 10mL1Ａ(Ｖ),123.0,,1部,◆え◆,
動物用テルペラン注,塩酸メトクロプラミド注射液,動物用テルペラン注,あすかアニマルヘルス,50mg 10mL1Ａ(Ｖ),123.0,,1部,◆え◆,
塩酸メトクロプラミド注射液,塩酸メトクロプラミド注射液,,,100mg 10mL1A(Ｖ),286.0,,1部,◆え◆,
動物用メトクロ注10　「KS」,塩酸メトクロプラミド注射液,動物用メトクロ注10　「KS」,共立製薬,100mg 10mL1A(Ｖ),286.0,,1部,◆え◆,
塩酸リンコマイシン注射液,塩酸リンコマイシン注射液,,,100mg(力価)1mLＶ,45.0,,1部,◆え◆,
動物用リンコシン注射液　100mg,塩酸リンコマイシン注射液,動物用リンコシン注射液　100mg,ゾエティス・ジャパン,100mg(力価)1mLＶ,45.0,,1部,◆え◆,
リンコマイシン注100　「フジタ」,塩酸リンコマイシン注射液,リンコマイシン注100　「フジタ」,フジタ製薬,100mg(力価)1mLＶ,45.0,,1部,◆え◆,
リンコマイシン注100　「KS」,塩酸リンコマイシン注射液,リンコマイシン注100　「KS」,共立製薬,100mg(力価)1mLＶ,45.0,,1部,◆え◆,
塩酸リンコマイシン注射液,塩酸リンコマイシン注射液,,,300mg(力価)1mLＶ,143.0,,1部,◆え◆,
動物用リンコシン注射液　300mg,塩酸リンコマイシン注射液,動物用リンコシン注射液　300mg,ゾエティス・ジャパン,300mg(力価)1mLＶ,143.0,,1部,◆え◆,
エンロフロキサシン注射液,エンロフロキサシン注射液,,,5％1mLＶ,43.0,,1部,◆え◆,
バイトリル5％注射液,エンロフロキサシン注射液,バイトリル5％注射液,エランコジャパン,5％1mLＶ,43.0,,1部,◆え◆,
エンロフロキサシン注50　「KS」,エンロフロキサシン注射液,エンロフロキサシン注50　「KS」,共立製薬,5％1mLＶ,43.0,,1部,◆え◆,
エンロフロキサシン注射液,エンロフロキサシン注射液,,,10%1mLＶ,94.0,,1部,◆え◆,
エンロフロックス注10％,エンロフロキサシン注射液,エンロフロックス注10％,フジタ製薬,10%1mLＶ,94.0,,1部,◆え◆,
エンロフロキサシン注100　「KS」,エンロフロキサシン注射液,エンロフロキサシン注100　「KS」,共立製薬,10%1mLＶ,94.0,,1部,◆え◆,
バイトリル10％注射液,エンロフロキサシン注射液,バイトリル10％注射液,エランコジャパン,10%1mLＶ,94.0,,1部,◆え◆,
バイトリルワンショット注射液,エンロフロキサシン注射液,バイトリルワンショット注射液,エランコジャパン,10%1mLＶ,94.0,,1部,◆え◆,
大塚蒸留水,大塚蒸留水,,,20mL1A,100.0,,1部,◆お◆,(局)
大塚生食注,大塚生食注,,,500mL1B,236.0,0.9%塩化ナトリウム注射液、等張塩化ナトリウム注射液、等張食塩液,1部,◆お◆,(局)
大塚生食注,大塚生食注,,,1L1B,356.0,0.9%塩化ナトリウム注射液、等張塩化ナトリウム注射液、等張食塩液,1部,◆お◆,(局)
大塚糖液５％,大塚糖液５％,,,5％50ｍＬ1Ｖ,146.0,ブドウ糖注射液,1部,◆お◆,(局)
大塚糖液５％,大塚糖液５％,,,5％100ｍＬ1Ｖ,151.0,ブドウ糖注射液,1部,◆お◆,(局)
大塚糖液５％,大塚糖液５％,,,5％250ｍＬ1B,284.0,ブドウ糖注射液,1部,◆お◆,(局)
大塚糖液５％,大塚糖液５％,,,5％500ｍＬ1B,332.0,ブドウ糖注射液,1部,◆お◆,(局)
大塚糖液10％,大塚糖液10％,,,10％500ｍＬ1B,240.0,ブドウ糖注射液,1部,◆お◆,(局)
大塚糖液５0％,大塚糖液５0％,,,50％20ｍＬ1Ａ,100.0,ブドウ糖注射液,1部,◆お◆,(局)
オキシテトラサイクリン注射液,オキシテトラサイクリン注射液,,,200mg(力価)1mLＶ,46.0,,1部,◆お◆,
テラマイシン・LＡ注射液,オキシテトラサイクリン注射液,テラマイシン・LＡ注射液,ゾエティス・ジャパン,200mg(力価)1mLＶ,46.0,,1部,◆お◆,
オキシトシン注射液,オキシトシン注射液,,,50単位5mL1Ａ,153.0,,1部,◆お◆,
動物用アトニン－Ｏ,オキシトシン注射液,動物用アトニン－Ｏ,あすかアニマルヘルス,50単位5mL1Ａ,153.0,,1部,◆お◆,
動物用オキシトシンA注射液,オキシトシン注射液,動物用オキシトシンA注射液,日本全薬工業,50単位5mL1Ａ,153.0,,1部,◆お◆,
ポストンエス,オキシトシン注射液,ポストンエス,共立製薬,50単位5mL1Ａ,153.0,,1部,◆お◆,
オルビフロキサシン注射液,オルビフロキサシン注射液,,,50mg1mLＶ,40.0,,1部,◆お◆,
ビクタス注射液5％,オルビフロキサシン注射液,ビクタス注射液5％,物産アニマルヘルス,50mg1mLＶ,40.0,,1部,◆お◆,
カナマイシン硫酸塩,カナマイシン硫酸塩,,,100mg(力価)Ｖ,5.0,,1部,◆か◆,
注射用硫酸カナマイシン明治,カナマイシン硫酸塩,注射用硫酸カナマイシン明治,明治アニマルヘルス,100mg(力価)Ｖ,5.0,,1部,◆か◆,
ガミスロマイシン,ガミスロマイシン,,,150㎎(力価)1mLV,230.0,,1部,◆か◆,
牛用ザクトラン注,ガミスロマイシン,牛用ザクトラン注,B.I.アニマルヘルスジャパン,150㎎(力価)1mLV,230.0,,1部,◆か◆,
果糖注射液,果糖注射液,,,5%500mL 1V,149.0,,1部,◆か◆,(局)
果糖注射液,果糖注射液,,,5%500mL 1B,149.0,,1部,◆か◆,(局)
果糖注射液,果糖注射液,,,"5%1,000mL1Ｖ",332.0,,1部,◆か◆,(局)
カルマデックス注,果糖注射液,カルマデックス注,フジタ製薬,250mL1Ｖ,470.0,,1部,◆か◆,(局)
カルマデックス注,果糖注射液,カルマデックス注,フジタ製薬,500mL1Ｖ,770.0,,1部,◆か◆,(局)
キシラジン注射液,キシラジン注射液,,,2％1mLＶ,120.0,,1部,◆き◆,
キシラジン注2％「フジタ」,キシラジン注射液,キシラジン注2％「フジタ」,フジタ製薬,2％1mLＶ,120.0,,1部,◆き◆,
セデラック2％注射液,キシラジン注射液,セデラック2％注射液,日本全薬工業,2％1mLＶ,120.0,,1部,◆き◆,
セラクタール2％注射液,キシラジン注射液,セラクタール2％注射液,エランコジャパン,2％1mLＶ,120.0,,1部,◆き◆,
キシリトール注射液,キシリトール注射液,,,25%500mL1Ｖ(PB),469.0,,1部,◆き◆,
キシリット注25％,キシリトール注射液,キシリット注25％,日本全薬工業,25%500mL1Ｖ(PB),469.0,,1部,◆き◆,
キシリット注25％「KS」,キシリトール注射液,キシリット注25％「KS」,共立製薬,25%500mL1Ｖ(PB),469.0,,1部,◆き◆,
キシリトール注射液,キシリトール注射液,,,"25%1,000mL1Ｖ(PB)",727.0,,1部,◆き◆,
キシリット注25％,キシリトール注射液,キシリット注25％,日本全薬工業,"25%1,000mL1Ｖ(PB)",727.0,,1部,◆き◆,
キモトリプシン注射液,キモトリプシン注射液,,,"5,000単位１Ａ",471.0,,1部,◆き◆,
"動物用キモチーム　5,000単位",キモトリプシン注射液,"動物用キモチーム　5,000単位",あすかアニマルヘルス,"5,000単位１Ａ",471.0,,1部,◆き◆,
キモトリプシン注射液,キモトリプシン注射液,,,"25,000単位１Ａ",1008.0,,1部,◆き◆,
"動物用キモチーム　25,000単位",キモトリプシン注射液,"動物用キモチーム　25,000単位",あすかアニマルヘルス,"25,000単位１Ａ",1008.0,,1部,◆き◆,
強力ＯＳＭ,キモトリプシン注射液,強力ＯＳＭ,日本全薬工業,100mL1Ｖ,246.0,,1部,◆き◆,
グルコン酸カルシウム注射液,グルコン酸カルシウム注射液,,,20%500mL1Ｖ(PB),459.0,,1部,◆く◆,
グルカ注20％,グルコン酸カルシウム注射液,グルカ注20％,共立製薬,20%500mL1Ｖ(PB),459.0,,1部,◆く◆,
グルコン酸カルシウム注射液,グルコン酸カルシウム注射液,,,20%800mL1Ｖ,749.0,,1部,◆く◆,
グルカ注20％,グルコン酸カルシウム注射液,グルカ注20％,共立製薬,20%800mL1Ｖ,749.0,,1部,◆く◆,
クロプロステノール注射液,クロプロステノール注射液,,,0.5mg2mL,594.0,,1部,◆く◆,
エストラメイト,クロプロステノール注射液,エストラメイト,MSDアニマルヘルス,0.5mg2mL,594.0,,1部,◆く◆,
クロプロステノールＣ,クロプロステノール注射液,クロプロステノールＣ,フジタ製薬,0.5mg2mL,594.0,,1部,◆く◆,
レジプロン－Ｃ,クロプロステノール注射液,レジプロン－Ｃ,あすかアニマルヘルス,0.5mg2mL,594.0,,1部,◆く◆,
レジプロンｰC　20,クロプロステノール注射液,レジプロンｰC　20,フジタ製薬,0.5mg2mL,594.0,,1部,◆く◆,
ゼノアジンＣ注射液,クロプロステノール注射液,ゼノアジンＣ注射液,日本全薬工業,0.5mg2mL,594.0,,1部,◆く◆,
d-クロプロステノール注射液,d-クロプロステノール注射液,,,0.075mgmLＶ,576.0,,1部,◆く◆,
ダルマジン,d-クロプロステノール注射液,ダルマジン,共立製薬,0.075mgmLＶ,576.0,,1部,◆く◆,
血清性性腺刺激ホルモン,血清性性腺刺激ホルモン,,,"1,000単位1Ａ",1065.0,ＰＭＳＧ,1部,◆け◆,
セラルモン1000,血清性性腺刺激ホルモン,セラルモン1000,共立製薬,"1,000単位1Ａ",1065.0,ＰＭＳＧ,1部,◆け◆,
動物用セロトロピン,血清性性腺刺激ホルモン,動物用セロトロピン,あすかアニマルヘルス,"1,000単位1Ａ",1065.0,ＰＭＳＧ,1部,◆け◆,
動物用ピーエムエスA1000単位,血清性性腺刺激ホルモン,動物用ピーエムエスA1000単位,日本全薬工業,"1,000単位1Ａ",1065.0,ＰＭＳＧ,1部,◆け◆,
ケトプレックス,血清性性腺刺激ホルモン,ケトプレックス,共立製薬,500mL1Ｖ,557.0,ＰＭＳＧ,1部,◆け◆,
小林糖液５％,小林糖液５％,,,5％500ｍＬ1B,332.0,ブドウ糖注射液,1部,◆こ◆,(局)
コレカルシフェロール注射液,コレカルシフェロール注射液,,,100万単位1mL,89.0,,1部,◆こ◆,
ビタフラルD3-Ｓ,コレカルシフェロール注射液,ビタフラルD3-Ｓ,共立製薬,100万単位1mL,89.0,オスビタン・S,1部,◆こ◆,
デュファフラルＤ3－1000,コレカルシフェロール注射液,デュファフラルＤ3－1000,ゾエティス・ジャパン,100万単位1mL,89.0,,1部,◆こ◆,
コンドロイチンＤ3注,コレカルシフェロール注射液,コンドロイチンＤ3注,文永堂製薬,1mLＶ,29.0,,1部,◆こ◆,
酢酸フェルチレリン注射液,酢酸フェルチレリン注射液,,,50μg 1mLＶ,190.0,,1部,◆さ◆,
コンサルタン注射液,酢酸フェルチレリン注射液,コンサルタン注射液,あすかアニマルヘルス,50μg 1mLＶ,190.0,,1部,◆さ◆,
コンセラール注射液,酢酸フェルチレリン注射液,コンセラール注射液,MSDアニマルヘルス,50μg 1mLＶ,190.0,,1部,◆さ◆,
スポルネン・注,酢酸フェルチレリン注射液,スポルネン・注,共立製薬,50μg 1mLＶ,190.0,,1部,◆さ◆,
ゼノフェル注射液,酢酸フェルチレリン注射液,ゼノフェル注射液,日本全薬工業,50μg 1mLＶ,190.0,,1部,◆さ◆,
フェルチレリン注「フジタ」,酢酸フェルチレリン注射液,フェルチレリン注「フジタ」,フジタ製薬,50μg 1mLＶ,190.0,,1部,◆さ◆,
酢酸フェルチレリン注射液,酢酸フェルチレリン注射液,,,100μg 2mL1Ａ,506.0,,1部,◆さ◆,
コンセラール注射液,酢酸フェルチレリン注射液,コンセラール注射液,MSDアニマルヘルス,100μg 2mL1Ａ,506.0,,1部,◆さ◆,
スポルネン・注,酢酸フェルチレリン注射液,スポルネン・注,共立製薬,100μg 2mL1Ａ,506.0,,1部,◆さ◆,
ゼノフェル注射液,酢酸フェルチレリン注射液,ゼノフェル注射液,日本全薬工業,100μg 2mL1Ａ,506.0,,1部,◆さ◆,
酢酸フェルチレリン注射液,酢酸フェルチレリン注射液,,,100μg 2mLS,560.0,,1部,◆さ◆,
フェルチレリン注「フジタ」,酢酸フェルチレリン注射液,フェルチレリン注「フジタ」,フジタ製薬,100μg 2mLS,560.0,,1部,◆さ◆,
酢酸フェルチレリン注射液,酢酸フェルチレリン注射液,,,200μg4mL1Ａ,944.0,,1部,◆さ◆,
コンセラール注射液,酢酸フェルチレリン注射液,コンセラール注射液,MSDアニマルヘルス,200μg4mL1Ａ,944.0,,1部,◆さ◆,
ゼノフェル注射液,酢酸フェルチレリン注射液,ゼノフェル注射液,日本全薬工業,200μg4mL1Ａ,944.0,,1部,◆さ◆,
酢酸ブセレリン注射液,酢酸ブセレリン注射液,,,4.2μg 1mLＶ,256.0,,1部,◆さ◆,
動物用イトレリン注射液,酢酸ブセレリン注射液,動物用イトレリン注射液,ＩＬＳ,4.2μg 1mLＶ,256.0,,1部,◆さ◆,
エストマール注,酢酸ブセレリン注射液,エストマール注,MSDアニマルヘルス,4.2μg 1mLＶ,256.0,,1部,◆さ◆,
酢酸リンゲル液,酢酸リンゲル液,,,500mL1V,255.0,,1部,◆さ◆,
酢酸リンゲル-Ｖ注射液,酢酸リンゲル液,酢酸リンゲル-Ｖ注射液,日本全薬工業,500mL1V,255.0,,1部,◆さ◆,
酢酸リンゲル液,酢酸リンゲル液,,,"1,000mL1Ｖ",315.0,,1部,◆さ◆,
酢酸リンゲル-Ｖ注射液,酢酸リンゲル液,酢酸リンゲル-Ｖ注射液,日本全薬工業,"1,000mL1Ｖ",315.0,,1部,◆さ◆,
ダイサクサン,酢酸リンゲル液,ダイサクサン,共立製薬,"1,000mL1Ｖ",315.0,,1部,◆さ◆,
サリチル酸ナトリウム臭化カルシウムブドウ糖注射液,サリチル酸ナトリウム臭化カルシウムブドウ糖注射液,,,5％100mL1Ａ(Ｖ),260.0,,1部,◆さ◆,
ザルソブロカ糖注ＮＺ,サリチル酸ナトリウム臭化カルシウムブドウ糖注射液,ザルソブロカ糖注ＮＺ,日本全薬工業,5％100mL1Ａ(Ｖ),260.0,,1部,◆さ◆,
ジノプロスト注射液,ジノプロスト注射液,,,5mg 1mLＶ,236.0,,1部,◆し◆,
パナセラン・Ｈｉ,ジノプロスト注射液,パナセラン・Ｈｉ,明治アニマルヘルス,5mg 1mLＶ,236.0,,1部,◆し◆,
ジノプロストトロメタミン,ジノプロストトロメタミン,,,6.71mg1mLV,221.0,,1部,◆し◆,
動物用プロナルゴンＦ注射液,ジノプロストトロメタミン,動物用プロナルゴンＦ注射液,ゾエティス・ジャパン,6.71mg1mLV,221.0,,1部,◆し◆,
ジノプロストトロメタミン,ジノプロストトロメタミン,,,16.77mg1mLV,555.0,,1部,◆し◆,
動物用プロナルゴンEZ注射液,ジノプロストトロメタミン,動物用プロナルゴンEZ注射液,ゾエティス・ジャパン,16.77mg1mLV,555.0,,1部,◆し◆,
ジノプロストトロメタミン,ジノプロストトロメタミン,,,1.5mLS,669.0,,1部,◆し◆,
ジノプロストT注1％「フジタ」,ジノプロストトロメタミン,ジノプロストT注1％「フジタ」,フジタ製薬,1.5mLS,669.0,,1部,◆し◆,
ジノプロストトロメタミン,ジノプロストトロメタミン,,,2.5mLS,920.0,,1部,◆し◆,
ジノプロストT注1％「フジタ」,ジノプロストトロメタミン,ジノプロストT注1％「フジタ」,フジタ製薬,2.5mLS,920.0,,1部,◆し◆,
ジノプロストトロメタミン,ジノプロストトロメタミン,,,13.42mg1mLV,287.0,,1部,◆し◆,
ジノプロストT注1％「フジタ」,ジノプロストトロメタミン,ジノプロストT注1％「フジタ」,フジタ製薬,13.42mg1mLV,287.0,,1部,◆し◆,
ジミナゼン,ジミナゼン,,,1g 1Ｖ,1912.0,,1部,◆し◆,
ガナゼック,ジミナゼン,ガナゼック,日本全薬工業,1g 1Ｖ,1912.0,,1部,◆し◆,
臭化プリフィニウム注射液,臭化プリフィニウム注射液,,,75mg10mLＡ,549.0,,1部,◆し◆,
パドリニウム注,臭化プリフィニウム注射液,パドリニウム注,リケンベッツファーマ,75mg10mLＡ,549.0,,1部,◆し◆,
スルピリン注射液,スルピリン注射液,,,40% 5mL1Ａ,51.0,,1部,◆す◆,
動物用40％スルピリン注,スルピリン注射液,動物用40％スルピリン注,日本全薬工業,40% 5mL1Ａ,51.0,,1部,◆す◆,
スルピリン注射液,スルピリン注射液,,,40％10mL,70.0,,1部,◆す◆,
動物用40％スルピリン注,スルピリン注射液,動物用40％スルピリン注,日本全薬工業,40％10mL,70.0,,1部,◆す◆,
動物用スルピリン注40％「KS」,スルピリン注射液,動物用スルピリン注40％「KS」,共立製薬,40％10mL,70.0,,1部,◆す◆,
スルファジメトキシン注射液,スルファジメトキシン注射液,,,10％100mL１Ａ(Ｖ),239.0,,1部,◆す◆,
ジメトキシン注ＮＺ,スルファジメトキシン注射液,ジメトキシン注ＮＺ,日本全薬工業,10％100mL１Ａ(Ｖ),239.0,,1部,◆す◆,
スルファジメトキシン注射液,スルファジメトキシン注射液,,,20%100mL1Ｖ,743.0,,1部,◆す◆,
ジメトキシン20％注「文永堂」,スルファジメトキシン注射液,ジメトキシン20％注「文永堂」,文永堂製薬,20%100mL1Ｖ,743.0,,1部,◆す◆,
スルファモノメトキシン注射液,スルファモノメトキシン注射液,,,20%100mL1Ｖ,633.0,,1部,◆す◆,
ダイメトンＢ注20％,スルファモノメトキシン注射液,ダイメトンＢ注20％,明治アニマルヘルス,20%100mL1Ｖ,633.0,,1部,◆す◆,
生理食塩液20mL注射液,生理食塩液20mL注射液,,,20mL1Ａ,62.0,,1部,◆せ◆,
生理食塩液,生理食塩液,,,500mL1V,236.0,0.9%塩化ナトリウム注射液、等張塩化ナトリウム注射液、等張食塩液,1部,◆せ◆,(局)
生理食塩液,生理食塩液,,,500mL1B,236.0,0.9%塩化ナトリウム注射液、等張塩化ナトリウム注射液、等張食塩液,1部,◆せ◆,(局)
生理食塩液「ＮＰ」,生理食塩液「ＮＰ」,,,500mL1B,236.0,0.9%塩化ナトリウム注射液、等張塩化ナトリウム注射液、等張食塩液,1部,◆せ◆,(局)
生理食塩液バッグ「フソー」,生理食塩液バッグ「フソー」,,,500mL1B,236.0,0.9%塩化ナトリウム注射液、等張塩化ナトリウム注射液、等張食塩液,1部,◆せ◆,(局)
生理食塩液「ヒカリ」,生理食塩液「ヒカリ」,,,500mL1B,236.0,0.9%塩化ナトリウム注射液、等張塩化ナトリウム注射液、等張食塩液,1部,◆せ◆,(局)
生理食塩液,生理食塩液,,,"1,000mL1V",356.0,0.9%塩化ナトリウム注射液、等張塩化ナトリウム注射液、等張食塩液,1部,◆せ◆,(局)
生理食塩液,生理食塩液,,,"1,000mL1B",356.0,0.9%塩化ナトリウム注射液、等張塩化ナトリウム注射液、等張食塩液,1部,◆せ◆,(局)
生理食塩液バッグ「フソー」,生理食塩液バッグ「フソー」,,,"1,000mL1B",356.0,0.9%塩化ナトリウム注射液、等張塩化ナトリウム注射液、等張食塩液,1部,◆せ◆,(局)
生理食塩液,生理食塩液,,,"1,000mL1Ｖ",275.0,,1部,◆せ◆,
動物用生食Ｖ注射液,生理食塩液,動物用生食Ｖ注射液,日本全薬工業,"1,000mL1Ｖ",275.0,,1部,◆せ◆,
ゼノビタンＡＤ３Ｅ注,生理食塩液,ゼノビタンＡＤ３Ｅ注,日本全薬工業,1mLＶ,31.0,,1部,◆せ◆,
セファゾリンナトリウム注射液,セファゾリンナトリウム注射液,,,1g(力価)1Ｖ,251.0,,1部,◆せ◆,
セファゾリン注「フジタ」,セファゾリンナトリウム注射液,セファゾリン注「フジタ」,フジタ製薬,1g(力価)1Ｖ,251.0,,1部,◆せ◆,
セファゾリンナトリウム注射液,セファゾリンナトリウム注射液,,,3g(力価)1Ｖ,465.0,,1部,◆せ◆,
セファゾリン注「フジタ」,セファゾリンナトリウム注射液,セファゾリン注「フジタ」,フジタ製薬,3g(力価)1Ｖ,465.0,,1部,◆せ◆,
セファゾリン注「KS」,セファゾリンナトリウム注射液,セファゾリン注「KS」,共立製薬,3g(力価)1Ｖ,465.0,,1部,◆せ◆,
セファメジン注「動物用」,セファゾリンナトリウム注射液,セファメジン注「動物用」,MSDアニマルヘルス,3g(力価)1Ｖ,465.0,,1部,◆せ◆,
セファゾリンナトリウム注射液,セファゾリンナトリウム注射液,,,4g(力価)1Ｖ,697.0,,1部,◆せ◆,
セファゾリン注「フジタ」,セファゾリンナトリウム注射液,セファゾリン注「フジタ」,フジタ製薬,4g(力価)1Ｖ,697.0,,1部,◆せ◆,
セフチオフル塩酸塩,セフチオフル塩酸塩,,,50mg(力価)1mLV,92.0,,1部,◆せ◆,
エクセネル RTU EZ,セフチオフル塩酸塩,エクセネル RTU EZ,ゾエティス・ジャパン,50mg(力価)1mLV,92.0,,1部,◆せ◆,
セフチオフルナトリウム注射液,セフチオフルナトリウム注射液,,,1g(力価),1755.0,,1部,◆せ◆,
エクセネル注,セフチオフルナトリウム注射液,エクセネル注,ゾエティス・ジャパン,1g(力価),1755.0,,1部,◆せ◆,
セフチオフルナトリウム注「フジタ」,セフチオフルナトリウム注射液,セフチオフルナトリウム注「フジタ」,フジタ製薬,1g(力価),1755.0,,1部,◆せ◆,
セフチオフルナトリウム注射液,セフチオフルナトリウム注射液,,,２g(力価),3510.0,,1部,◆せ◆,
セフチオフルナトリウム注「フジタ」,セフチオフルナトリウム注射液,セフチオフルナトリウム注「フジタ」,フジタ製薬,２g(力価),3510.0,,1部,◆せ◆,
セフチオフルナトリウム注射液,セフチオフルナトリウム注射液,,,4g(力価),7222.0,,1部,◆せ◆,
エクセネル注,セフチオフルナトリウム注射液,エクセネル注,ゾエティス・ジャパン,4g(力価),7222.0,,1部,◆せ◆,
セフチオフルナトリウム注「フジタ」,セフチオフルナトリウム注射液,セフチオフルナトリウム注「フジタ」,フジタ製薬,4g(力価),7222.0,,1部,◆せ◆,
前葉性卵胞刺激ホルモン注射液,前葉性卵胞刺激ホルモン注射液,,,10AU 1Ａ,1495.0,,1部,◆せ◆,
アントリン・10,前葉性卵胞刺激ホルモン注射液,アントリン・10,共立製薬,10AU 1Ａ,1495.0,,1部,◆せ◆,
タイロシン注射液,タイロシン注射液,,,"2,000mg(力価)10mLＶ",278.0,,1部,◆た◆,
動物用タイラン200注射液,タイロシン注射液,動物用タイラン200注射液,日本全薬工業,"2,000mg(力価)10mLＶ",278.0,,1部,◆た◆,
タイロシン注200「ＳＰ」,タイロシン注射液,タイロシン注200「ＳＰ」,シオノギファーマ,"2,000mg(力価)10mLＶ",278.0,,1部,◆た◆,
タイロシン注200「KS」,タイロシン注射液,タイロシン注200「KS」,共立製薬,"2,000mg(力価)10mLＶ",278.0,,1部,◆た◆,
タウリン,タウリン,,,100mL1Ｖ,503.0,,1部,◆た◆,
レバックス注,タウリン,レバックス注,共立製薬,100mL1Ｖ,503.0,,1部,◆た◆,
炭酸水素ナトリウム注射液,炭酸水素ナトリウム注射液,,,1.35%500mL1Ｖ,350.0,重炭酸ナトリウム注射液,1部,◆た◆,
等張重曹注,炭酸水素ナトリウム注射液,等張重曹注,日本全薬工業,1.35%500mL1Ｖ,350.0,重炭酸ナトリウム注射液,1部,◆た◆,
炭酸水素ナトリウム注射液,炭酸水素ナトリウム注射液,,,7％500mL1PB(Ｖ),366.0,,1部,◆た◆,
重曹注,炭酸水素ナトリウム注射液,重曹注,日本全薬工業,7％500mL1PB(Ｖ),366.0,,1部,◆た◆,
7％重曹注「KS」,炭酸水素ナトリウム注射液,7％重曹注「KS」,共立製薬,7％500mL1PB(Ｖ),366.0,,1部,◆た◆,
チアムリン注射液,チアムリン注射液,,,200mg(力価)1mLＶ,91.0,,1部,◆ち◆,
タイアムチン注射液,チアムリン注射液,タイアムチン注射液,日本全薬工業,200mg(力価)1mLＶ,91.0,,1部,◆ち◆,
チアンフェニコール注射液,チアンフェニコール注射液,,,250mg1mLＶ,51.0,,1部,◆ち◆,
ネオマイゾン注射液,チアンフェニコール注射液,ネオマイゾン注射液,共立製薬,250mg1mLＶ,51.0,,1部,◆ち◆,
チオプロニン注射液,チオプロニン注射液,,,5%100mLＶ,1408.0,,1部,◆ち◆,
動物用チオラ注射液,チオプロニン注射液,動物用チオラ注射液,あすかアニマルヘルス,5%100mLＶ,1408.0,,1部,◆ち◆,
注射用水,注射用水,,,20mL１A,100.0,,1部,◆ち◆,(局)
注射用水PL「フソー」,注射用水PL「フソー」,,,20mL１A,100.0,,1部,◆ち◆,(局)
注射用水（光）,注射用水（光）,,,20mL１A,100.0,,1部,◆ち◆,(局)
注射用水,注射用水,,,20mL1Ａ,43.0,,1部,◆ち◆,
エクセネル注用注射用水,注射用水,エクセネル注用注射用水,ゾエティス・ジャパン,20mL1Ａ,43.0,,1部,◆ち◆,
チルミコシン注射液,チルミコシン注射液,,,300mg(力価)1mLＶ,145.0,,1部,◆ち◆,
チルミコシン注300「フジタ」,チルミコシン注射液,チルミコシン注300「フジタ」,フジタ製薬,300mg(力価)1mLＶ,145.0,,1部,◆ち◆,
チルミコシン注300「KS」,チルミコシン注射液,チルミコシン注300「KS」,共立製薬,300mg(力価)1mLＶ,145.0,,1部,◆ち◆,
チルモベット300注射液,チルミコシン注射液,チルモベット300注射液,Huvepharma Japan,300mg(力価)1mLＶ,145.0,,1部,◆ち◆,
ミコチル300注射液,チルミコシン注射液,ミコチル300注射液,日本全薬工業,300mg(力価)1mLＶ,145.0,,1部,◆ち◆,
デキサメタゾン注射液,デキサメタゾン注射液,,,1mg1mLＶ,42.0,,1部,◆て◆,
水性デキサメサゾン注Ａ,デキサメタゾン注射液,水性デキサメサゾン注Ａ,日本全薬工業,1mg1mLＶ,42.0,,1部,◆て◆,
デュファフラル－フォルテ,デキサメタゾン注射液,デュファフラル－フォルテ,ゾエティス・ジャパン,1mLＶ,41.0,,1部,◆て◆,
デュファフラル－マルチ,デキサメタゾン注射液,デュファフラル－マルチ,ゾエティス・ジャパン,1mLＶ,22.0,,1部,◆て◆,
テルモ生食,テルモ生食,,,500mL1B,236.0,0.9%塩化ナトリウム注射液、等張塩化ナトリウム注射液、等張食塩液,1部,◆て◆,(局)
テルモ生食,テルモ生食,,,1000mL1B,356.0,0.9%塩化ナトリウム注射液、等張塩化ナトリウム注射液、等張食塩液,1部,◆て◆,(局)
テルモ糖注５％,テルモ糖注５％,,,5％250ｍＬ1B,284.0,ブドウ糖注射液,1部,◆て◆,(局)
テルモ糖注５％,テルモ糖注５％,,,5％500ｍＬ1B,332.0,ブドウ糖注射液,1部,◆て◆,(局)
等張糖加リンゲル液,等張糖加リンゲル液,,,500mL1Ｖ(PB),205.0,,1部,◆と◆,
等張糖加リンゲル液「KS」,等張糖加リンゲル液,等張糖加リンゲル液「KS」,共立製薬,500mL1Ｖ(PB),205.0,,1部,◆と◆,
等張リンゲル糖－Ｖ注射液,等張糖加リンゲル液,等張リンゲル糖－Ｖ注射液,日本全薬工業,500mL1Ｖ(PB),205.0,,1部,◆と◆,
等張糖加リンゲル液,等張糖加リンゲル液,,,"1,000mL1Ｖ(PB)",317.0,,1部,◆と◆,
等張糖加リンゲル液「KS」,等張糖加リンゲル液,等張糖加リンゲル液「KS」,共立製薬,"1,000mL1Ｖ(PB)",317.0,,1部,◆と◆,
等張リンゲル糖－Ｖ注射液,等張糖加リンゲル液,等張リンゲル糖－Ｖ注射液,日本全薬工業,"1,000mL1Ｖ(PB)",317.0,,1部,◆と◆,
等張糖加乳酸リンゲル液,等張糖加乳酸リンゲル液,,,500mL1Ｖ,226.0,,1部,◆と◆,
等張ハルゼン糖－Ｖ注射液,等張糖加乳酸リンゲル液,等張ハルゼン糖－Ｖ注射液,日本全薬工業,500mL1Ｖ,226.0,,1部,◆と◆,
等張糖加乳酸リンゲル液,等張糖加乳酸リンゲル液,,,"1,000mL1Ｖ(PB)",375.0,,1部,◆と◆,
等張ハルゼン糖－Ｖ注射液,等張糖加乳酸リンゲル液,等張ハルゼン糖－Ｖ注射液,日本全薬工業,"1,000mL1Ｖ(PB)",375.0,,1部,◆と◆,
トコフェロール注射液,トコフェロール注射液,,,50mg1mLＶ,28.0,,1部,◆と◆,
ビタミンイー注,トコフェロール注射液,ビタミンイー注,日本全薬工業,50mg1mLＶ,28.0,,1部,◆と◆,
トラネキサム酸注射液,トラネキサム酸注射液,,,5％10mLＶ,100.0,,1部,◆と◆,
トラムリン注,トラネキサム酸注射液,トラムリン注,日本全薬工業,5％10mLＶ,100.0,,1部,◆と◆,
バソラミン注,トラネキサム酸注射液,バソラミン注,明治アニマルヘルス,5％10mLＶ,100.0,,1部,◆と◆,
トンキー200,トラネキサム酸注射液,トンキー200,フジタ製薬,100mL,802.0,,1部,◆と◆,
ニューグロン,,ニューグロン,共立製薬,500mL1Ｖ,680.0,,1部,◆に◆,
ニューグロン・Ｓ,,ニューグロン・Ｓ,共立製薬,500mL1Ｖ,767.0,,1部,◆に◆,
ニューグロンプラス,,ニューグロンプラス,共立製薬,500mL1Ｖ,711.0,,1部,◆に◆,
ニューボロカールA,,ニューボロカールA,日本全薬工業,500mL1Ｖ,573.0,,1部,◆に◆,
ネオアス注射液,,ネオアス注射液,東亜薬品工業,10mL,99.0,,1部,◆ね◆,
ネオアスＰ,,ネオアスＰ,東亜薬品工業,10mL,51.0,,1部,◆ね◆,
ネオスチグミンメチル硫酸塩注射液,ネオスチグミンメチル硫酸塩注射液,,,0.05％10mL1Ａ,68.0,,1部,◆ね◆,
動物用パラスチミン,ネオスチグミンメチル硫酸塩注射液,動物用パラスチミン,日本全薬工業,0.05％10mL1Ａ,68.0,,1部,◆ね◆,
ネオニューリン注,ネオスチグミンメチル硫酸塩注射液,ネオニューリン注,フジタ製薬,100mLＶ,220.0,,1部,◆ね◆,
ネオニューリン注,ネオスチグミンメチル硫酸塩注射液,ネオニューリン注,フジタ製薬,250mLＶ,550.0,,1部,◆ね◆,
ネオニューリン注,ネオスチグミンメチル硫酸塩注射液,ネオニューリン注,フジタ製薬,500mLＶ,845.0,,1部,◆ね◆,
ネオヘキサメチオニン,ネオスチグミンメチル硫酸塩注射液,ネオヘキサメチオニン,フジタ製薬,100mL1Ｖ,204.0,,1部,◆ね◆,
破傷風血清,破傷風血清,,,330単位1mLＶ,285.0,,1部,◆は◆,
破傷風血清,破傷風血清,破傷風血清,松研薬品工業,330単位1mLＶ,285.0,,1部,◆は◆,
ハルゼン－Ｖ注射液,破傷風血清,ハルゼン－Ｖ注射液,日本全薬工業,500mL1Ｖ,240.0,,1部,◆は◆,
ハルゼン－Ｖ注射液,破傷風血清,ハルゼン－Ｖ注射液,日本全薬工業,"1,000mL1Ｖ",324.0,,1部,◆は◆,
パンカル注50mg,破傷風血清,パンカル注50mg,フジタ製薬,100mL1Ｖ,1777.0,,1部,◆は◆,
パンテチン注射液,パンテチン注射液,,,20%50mLＶ,1929.0,,1部,◆は◆,
イプコン注20％,パンテチン注射液,イプコン注20％,フジタ製薬,20%50mLＶ,1929.0,,1部,◆は◆,
ヒアルロン酸ナトリウム注射液,ヒアルロン酸ナトリウム注射液,,,4mL1Ｖ,6732.0,,1部,◆ひ◆,
ハイオネート,ヒアルロン酸ナトリウム注射液,ハイオネート,B.I.アニマルヘルスジャパン,4mL1Ｖ,6732.0,,1部,◆ひ◆,
光糖液５％,光糖液５％,,,5％500mL1Ｖ,332.0,ブドウ糖注射液,1部,◆ひ◆,(局)
光糖液５％,光糖液５％,,,5％500mL1B,332.0,ブドウ糖注射液,1部,◆ひ◆,(局)
光糖液５％,光糖液５％,,,5％250ｍＬ1B,284.0,ブドウ糖注射液,1部,◆ひ◆,(局)
光糖液１０％,光糖液１０％,,,10％500mL1B,240.0,ブドウ糖注射液,1部,◆ひ◆,(局)
光糖液５０％,光糖液５０％,,,50％20mL1Ａ,100.0,ブドウ糖注射液,1部,◆ひ◆,(局)
ヒスタミンＢ6注「文永堂」,光糖液５０％,ヒスタミンＢ6注「文永堂」,文永堂製薬,10mLＶ,46.0,ブドウ糖注射液,1部,◆ひ◆,(局)
ビタフラルAD3E,光糖液５０％,ビタフラルAD3E,共立製薬,1mL1V,37.0,ブドウ糖注射液,1部,◆ひ◆,(局)
ビタフラル-フォルテ,光糖液５０％,ビタフラル-フォルテ,共立製薬,1mLＶ,29.0,ビタロング・フォルテ,1部,◆ひ◆,(局)
ヒト絨毛性性腺刺激ホルモン,ヒト絨毛性性腺刺激ホルモン,,,"1,500単位1Ａ",1054.0,,1部,◆ひ◆,
ゲストロン1500,ヒト絨毛性性腺刺激ホルモン,ゲストロン1500,共立製薬,"1,500単位1Ａ",1054.0,,1部,◆ひ◆,
動物用コリホルモンA　 1500単位,ヒト絨毛性性腺刺激ホルモン,動物用コリホルモンA　 1500単位,日本全薬工業,"1,500単位1Ａ",1054.0,,1部,◆ひ◆,
ヒト絨毛性性腺刺激ホルモン,ヒト絨毛性性腺刺激ホルモン,,,"3,000単位1Ａ",1683.0,,1部,◆ひ◆,
動物用ゴナトロピン　  3000,ヒト絨毛性性腺刺激ホルモン,動物用ゴナトロピン　  3000,あすかアニマルヘルス,"3,000単位1Ａ",1683.0,,1部,◆ひ◆,
動物用コリホルモンA　 3000単位,ヒト絨毛性性腺刺激ホルモン,動物用コリホルモンA　 3000単位,日本全薬工業,"3,000単位1Ａ",1683.0,,1部,◆ひ◆,
ヒト絨毛性性腺刺激ホルモン,ヒト絨毛性性腺刺激ホルモン,,,"5,000単位1Ａ",1232.0,,1部,◆ひ◆,
ゲストロン  5000,ヒト絨毛性性腺刺激ホルモン,ゲストロン  5000,共立製薬,"5,000単位1Ａ",1232.0,,1部,◆ひ◆,
動物用コリホルモンA　 5000単位,ヒト絨毛性性腺刺激ホルモン,動物用コリホルモンA　 5000単位,日本全薬工業,"5,000単位1Ａ",1232.0,,1部,◆ひ◆,
ヒト絨毛性性腺刺激ホルモン,ヒト絨毛性性腺刺激ホルモン,,,"10,000単位1Ａ",2065.0,,1部,◆ひ◆,
動物用コリホルモンA　 １0000単位,ヒト絨毛性性腺刺激ホルモン,動物用コリホルモンA　 １0000単位,日本全薬工業,"10,000単位1Ａ",2065.0,,1部,◆ひ◆,
フィトナジオン注射液,フィトナジオン注射液,,,50mg10mL1Ａ,179.0,,1部,◆ふ◆,
ビタミンＫ1注,フィトナジオン注射液,ビタミンＫ1注,日本全薬工業,50mg10mL1Ａ,179.0,,1部,◆ふ◆,
ブドウ糖注射液,ブドウ糖注射液,,,5％ 50mL1Ｖ,145.0,,1部,◆ふ◆,(局)
ブドウ糖注射液,ブドウ糖注射液,,,5％ 100mL1Ｖ,150.0,,1部,◆ふ◆,(局)
ブドウ糖注射液,ブドウ糖注射液,,,5％ 100mL1B,151.0,,1部,◆ふ◆,(局)
ブドウ糖注射液,ブドウ糖注射液,,,5％ 250mL1V,284.0,,1部,◆ふ◆,(局)
ブドウ糖注射液,ブドウ糖注射液,,,5％ 250mL1B,227.0,,1部,◆ふ◆,(局)
ブドウ糖注射液,ブドウ糖注射液,,,5％ 500mL1Ｖ,332.0,,1部,◆ふ◆,(局)
ブドウ糖注射液,ブドウ糖注射液,,,5％ 500mL1B,243.0,,1部,◆ふ◆,(局)
ブドウ糖注射液「ＡＹ」５％,ブドウ糖注射液「ＡＹ」５％,,,5％ 500mL1B,332.0,,1部,◆ふ◆,(局)
ブドウ糖注射液５％「VTRS」,ブドウ糖注射液５％「VTRS」,,,5％ 500mL1V,332.0,,1部,◆ふ◆,(局)
ブドウ糖注５％ＰＬ「フソー」,ブドウ糖注５％ＰＬ「フソー」,,,5％ 500mL1V,243.0,,1部,◆ふ◆,(局)
ブドウ糖注射液,ブドウ糖注射液,,,"5％ 1,000mL1Ｖ",220.0,,1部,◆ふ◆,(局)
ブドウ糖注射液,ブドウ糖注射液,,,10％ 500mL1B,240.0,,1部,◆ふ◆,(局)
ブドウ糖注１０％バッグ「フソー」,ブドウ糖注１０％バッグ「フソー」,,,10％ 500mL1B,240.0,,1部,◆ふ◆,(局)
ブドウ糖注10％ＰＬ「フソー」,ブドウ糖注10％ＰＬ「フソー」,,,10％ 500mL1V,240.0,,1部,◆ふ◆,(局)
ブドウ糖注50％ＰＬ「フソー」,ブドウ糖注50％ＰＬ「フソー」,,,50％ 20mL1Ａ,100.0,,1部,◆ふ◆,(局)
ブドウ糖注射液,ブドウ糖注射液,,,10% 20mL１A,100.0,,1部,◆ふ◆,(局)
ブドウ糖加酢酸リンゲル液,ブドウ糖加酢酸リンゲル液,,,500mL1Ｖ,290.0,,1部,◆ふ◆,
酢酸リンゲル糖-V注射液,ブドウ糖加酢酸リンゲル液,酢酸リンゲル糖-V注射液,日本全薬工業,500mL1Ｖ,290.0,,1部,◆ふ◆,
ブドウ糖加酢酸リンゲル液,ブドウ糖加酢酸リンゲル液,,,"1,000mL1Ｖ",470.0,,1部,◆ふ◆,
酢酸リンゲル糖-V注射液,ブドウ糖加酢酸リンゲル液,酢酸リンゲル糖-V注射液,日本全薬工業,"1,000mL1Ｖ",470.0,,1部,◆ふ◆,
ブドウ糖加リンゲル液,ブドウ糖加リンゲル液,,,"1,000mL1Ｖ",358.0,,1部,◆ふ◆,
リンゲル糖-V注射液,ブドウ糖加リンゲル液,リンゲル糖-V注射液,日本全薬工業,"1,000mL1Ｖ",358.0,,1部,◆ふ◆,
フルスルチアミン注射液,フルスルチアミン注射液,,,100mg 20mL1Ａ(Ｖ),201.0,,1部,◆ふ◆,
アニビタン100注射液,フルスルチアミン注射液,アニビタン100注射液,MSDアニマルヘルス,100mg 20mL1Ａ(Ｖ),201.0,,1部,◆ふ◆,
フルスル注,フルスルチアミン注射液,フルスル注,フジタ製薬,100mg 20mL1Ａ(Ｖ),201.0,,1部,◆ふ◆,
フルスルチアミン注射液,フルスルチアミン注射液,,,500mg 100mL1Ｖ(PB),824.0,,1部,◆ふ◆,
アニビタン500注射液,フルスルチアミン注射液,アニビタン500注射液,MSDアニマルヘルス,500mg 100mL1Ｖ(PB),824.0,,1部,◆ふ◆,
フルスル注,フルスルチアミン注射液,フルスル注,フジタ製薬,500mg 100mL1Ｖ(PB),824.0,,1部,◆ふ◆,
フルニキシンメグルミン注射液,フルニキシンメグルミン注射液,,,8.3％1mLＶ,72.0,,1部,◆ふ◆,
バナミン注射液5％,フルニキシンメグルミン注射液,バナミン注射液5％,物産アニマルヘルス,8.3％1mLＶ,72.0,,1部,◆ふ◆,
フォーベット５０注射液,フルニキシンメグルミン注射液,フォーベット５０注射液,MSDアニマルヘルス,8.3％1mLＶ,72.0,,1部,◆ふ◆,
フルニキシン注「明治」,フルニキシンメグルミン注射液,フルニキシン注「明治」,明治アニマルヘルス,8.3％1mLＶ,72.0,,1部,◆ふ◆,
フルニキシン注5％「リケン」,フルニキシンメグルミン注射液,フルニキシン注5％「リケン」,リケンベッツファーマ,8.3％1mLＶ,72.0,,1部,◆ふ◆,
フルニキシンメグルミン注射液,フルニキシンメグルミン注射液,,,16.6％1mLＶ,150.0,,1部,◆ふ◆,
フルニキシン注10％「フジタ」,フルニキシンメグルミン注射液,フルニキシン注10％「フジタ」,フジタ製薬,16.6％1mLＶ,150.0,,1部,◆ふ◆,
フルニキシン注10％「リケン」,フルニキシンメグルミン注射液,フルニキシン注10％「リケン」,リケンベッツファーマ,16.6％1mLＶ,150.0,,1部,◆ふ◆,
フルニキシンメグルミン・フロルフェニコール配合注射液,フルニキシンメグルミン・フロルフェニコール配合注射液,,,"2.74％1mLＶ
30％1mLＶ",120.0,,1部,◆ふ◆,
レスフロール,フルニキシンメグルミン・フロルフェニコール配合注射液,レスフロール,MSDアニマルヘルス,"2.74％1mLＶ
30％1mLＶ",120.0,,1部,◆ふ◆,
プレドニゾロン注射液,プレドニゾロン注射液,,,10mg1mLＶ,11.0,,1部,◆ふ◆,
プレドニゾロン注射液ＮＺ,プレドニゾロン注射液,プレドニゾロン注射液ＮＺ,日本全薬工業,10mg1mLＶ,11.0,,1部,◆ふ◆,
プレドニゾロン注射液,プレドニゾロン注射液,プレドニゾロン注射液,リケンベッツファーマ,10mg1mLＶ,11.0,,1部,◆ふ◆,
プレドリン注,プレドニゾロン注射液,プレドリン注,リケンベッツファーマ,10mg1mLＶ,11.0,,1部,◆ふ◆,
プロゲステロン注射液,プロゲステロン注射液,,,200mg 5mL1Ａ,468.0,,1部,◆ふ◆,
動物用ルテオーゲンL,プロゲステロン注射液,動物用ルテオーゲンL,日本全薬工業,200mg 5mL1Ａ,468.0,,1部,◆ふ◆,
プロチオン,プロゲステロン注射液,プロチオン,日本全薬工業,500mL1Ｖ,543.0,,1部,◆ふ◆,
フロルフェニコール注射液,フロルフェニコール注射液,,,10％1mLＶ(PB),41.0,,1部,◆ふ◆,
フロルフェニコール100注射液,フロルフェニコール注射液,フロルフェニコール100注射液,共立製薬,10％1mLＶ(PB),41.0,,1部,◆ふ◆,
フロロコール100注射液,フロルフェニコール注射液,フロロコール100注射液,MSDアニマルヘルス,10％1mLＶ(PB),41.0,,1部,◆ふ◆,
フロルフェニコール注100「フジタ」,フロルフェニコール注射液,フロルフェニコール注100「フジタ」,フジタ製薬,10％1mLＶ(PB),41.0,,1部,◆ふ◆,
フロルフェニコール注100NZ,フロルフェニコール注射液,フロルフェニコール注100NZ,リケンベッツファーマ,10％1mLＶ(PB),41.0,,1部,◆ふ◆,
フロルフェニコール注射液,フロルフェニコール注射液,,,20％1mLV(PB),55.0,,1部,◆ふ◆,
フロルフェニコール200注射液,フロルフェニコール注射液,フロルフェニコール200注射液,共立製薬,20％1mLV(PB),55.0,,1部,◆ふ◆,
フロロコール200注射液,フロルフェニコール注射液,フロロコール200注射液,MSDアニマルヘルス,20％1mLV(PB),55.0,,1部,◆ふ◆,
フロルフェニコール注200「フジタ」,フロルフェニコール注射液,フロルフェニコール注200「フジタ」,フジタ製薬,20％1mLV(PB),55.0,,1部,◆ふ◆,
フロルフェニコール注200NZ,フロルフェニコール注射液,フロルフェニコール注200NZ,リケンベッツファーマ,20％1mLV(PB),55.0,,1部,◆ふ◆,
フロルフェニコール注射液,フロルフェニコール注射液,,,45％1mLV,142.0,,1部,◆ふ◆,
ニューフロール450注射液,フロルフェニコール注射液,ニューフロール450注射液,MSDアニマルヘルス,45％1mLV,142.0,,1部,◆ふ◆,
フロルフェニコール注射液　(グルコン酸マグネシウム含有),フロルフェニコール注射液　(グルコン酸マグネシウム含有),,,30%1mLPB,144.0,,1部,◆ふ◆,
フロルガン,フロルフェニコール注射液　(グルコン酸マグネシウム含有),フロルガン,明治アニマルヘルス,30%1mLPB,144.0,,1部,◆ふ◆,
ベルベリン注射液,ベルベリン注射液,,,0.2％100mL1Ｖ,625.0,,1部,◆へ◆,
ベルパリン注,ベルベリン注射液,ベルパリン注,リケンベッツファーマ,0.2％100mL1Ｖ,625.0,,1部,◆へ◆,
ベンジルペニシリンカリウム,ベンジルペニシリンカリウム,,,300万単位1Ｖ,518.0,結晶ペニシリンＧカリウム,1部,◆へ◆,
結晶ペニシリンＧ明治,ベンジルペニシリンカリウム,結晶ペニシリンＧ明治,明治アニマルヘルス,300万単位1Ｖ,518.0,結晶ペニシリンＧカリウム,1部,◆へ◆,
ベンジルペニシリンプロカイン注射液,ベンジルペニシリンプロカイン注射液,,,600万単位20mLＶ,168.0,懸濁水性プロカインペニシリン,1部,◆へ◆,
動物用懸濁水性プロカインペニシリンＧ,ベンジルペニシリンプロカイン注射液,動物用懸濁水性プロカインペニシリンＧ,リケンベッツファーマ,600万単位20mLＶ,168.0,懸濁水性プロカインペニシリン,1部,◆へ◆,
懸濁水性プロカインペニシリンＧ注ＮＺ,ベンジルペニシリンプロカイン注射液,懸濁水性プロカインペニシリンＧ注ＮＺ,日本全薬工業,600万単位20mLＶ,168.0,懸濁水性プロカインペニシリン,1部,◆へ◆,
懸濁水性プロカインペニシリンＧ「ｍｅｉｊｉ」,ベンジルペニシリンプロカイン注射液,懸濁水性プロカインペニシリンＧ「ｍｅｉｊｉ」,日本全薬工業,600万単位20mLＶ,168.0,懸濁水性プロカインペニシリン,1部,◆へ◆,
ベンジルペニシリンプロカイン・硫酸ジヒドロストレプトマイシン配合注射液,ベンジルペニシリンプロカイン・硫酸ジヒドロストレプトマイシン配合注射液,,,"PC・G20万単位DSM
250mg(力価) 1mLV",12.0,マイシリン（懸濁用）,1部,◆へ◆,
懸濁水性マイシリン注NZ,ベンジルペニシリンプロカイン・硫酸ジヒドロストレプトマイシン配合注射液,懸濁水性マイシリン注NZ,日本全薬工業,"PC・G20万単位DSM
250mg(力価) 1mLV",12.0,マイシリン（懸濁用）,1部,◆へ◆,
マイシリン・ゾル,ベンジルペニシリンプロカイン・硫酸ジヒドロストレプトマイシン配合注射液,マイシリン・ゾル,リケンベッツファーマ,"PC・G20万単位DSM
250mg(力価) 1mLV",12.0,マイシリン（懸濁用）,1部,◆へ◆,
マイシリンゾル「ｍｅｉｊｉ」,ベンジルペニシリンプロカイン・硫酸ジヒドロストレプトマイシン配合注射液,マイシリンゾル「ｍｅｉｊｉ」,日本全薬工業,"PC・G20万単位DSM
250mg(力価) 1mLV",12.0,マイシリン（懸濁用）,1部,◆へ◆,
ホスホマイシンナトリウム注射液,ホスホマイシンナトリウム注射液,,,2g(力価)1Ｖ,620.0,,1部,◆ほ◆,
動物用ホスミシンＳ（静注用）,ホスホマイシンナトリウム注射液,動物用ホスミシンＳ（静注用）,明治アニマルヘルス,2g(力価)1Ｖ,620.0,,1部,◆ほ◆,
ボロカール,ホスホマイシンナトリウム注射液,ボロカール,日本全薬工業,500mL1V,683.0,,1部,◆ほ◆,
マルボフロキサシン,マルボフロキサシン,,,20mg(力価)1mLV,47.0,,1部,◆ま◆,
マルボキシ注2％,マルボフロキサシン,マルボキシ注2％,フジタ製薬,20mg(力価)1mLV,47.0,,1部,◆ま◆,
マルボシル2％,マルボフロキサシン,マルボシル2％,明治アニマルヘルス,20mg(力価)1mLV,47.0,,1部,◆ま◆,
マルボロック2％注,マルボフロキサシン,マルボロック2％注,リケンベッツファーマ,20mg(力価)1mLV,47.0,,1部,◆ま◆,
マルボフロキサシン,マルボフロキサシン,,,100mg(力価)1mLV,206.0,,1部,◆ま◆,
マルボキシ注10％,マルボフロキサシン,マルボキシ注10％,フジタ製薬,100mg(力価)1mLV,206.0,,1部,◆ま◆,
マルボシル10％,マルボフロキサシン,マルボシル10％,明治アニマルヘルス,100mg(力価)1mLV,206.0,,1部,◆ま◆,
マルボロック10％注,マルボフロキサシン,マルボロック10％注,リケンベッツファーマ,100mg(力価)1mLV,206.0,,1部,◆ま◆,
マルボフロキサシン,マルボフロキサシン,,,160mg(力価)1mLV,237.0,,1部,◆ま◆,
フォーシル,マルボフロキサシン,フォーシル,明治アニマルヘルス,160mg(力価)1mLV,237.0,,1部,◆ま◆,
メシル酸ダノフロキサシン注射液,メシル酸ダノフロキサシン注射液,,,25mg1mLＶ,44.0,,1部,◆め◆,
アドボシン注射液,メシル酸ダノフロキサシン注射液,アドボシン注射液,ゾエティス・ジャパン,25mg1mLＶ,44.0,,1部,◆め◆,
メチリット注,メシル酸ダノフロキサシン注射液,メチリット注,文永堂製薬,100mL1Ｖ,341.0,,1部,◆め◆,
メロキシカム,メロキシカム,,,20mg1mL,229.0,,1部,◆め◆,
メタカム2%注射液,メロキシカム,メタカム2%注射液,B.I.アニマルヘルスジャパン,20mg1mL,229.0,,1部,◆め◆,
メロキシカム2％注,メロキシカム,メロキシカム2％注,リケンベッツファーマ,20mg1mL,229.0,,1部,◆め◆,
メロキシリン注2％,メロキシカム,メロキシリン注2％,フジタ製薬,20mg1mL,229.0,,1部,◆め◆,
メロキシカム,メロキシカム,,,50mg1mL,474.0,,1部,◆め◆,
メロキシリン注5％,メロキシカム,メロキシリン注5％,フジタ製薬,50mg1mL,474.0,,1部,◆め◆,
メンブトン注射液,メンブトン注射液,,,10％10mLＶ,161.0,,1部,◆め◆,
動物用エンドコール注,メンブトン注射液,動物用エンドコール注,B.I.アニマルヘルスジャパン,10％10mLＶ,161.0,,1部,◆め◆,
メンブトン注射液,メンブトン注射液,,,20％10mLＶ,322.0,,1部,◆め◆,
メンブトン20％注,メンブトン注射液,メンブトン20％注,リケンベッツファーマ,20％10mLＶ,322.0,,1部,◆め◆,
ラドン,,ラドン,日本全薬工業,10mL1Ａ,59.0,,1部,◆ら◆,
硫酸カナマイシン注射液,硫酸カナマイシン注射液,,,100mg(力価)1mLＶ,5.0,,1部,◆り◆,
カナマイシン注ＮＺ,硫酸カナマイシン注射液,カナマイシン注ＮＺ,日本全薬工業,100mg(力価)1mLＶ,5.0,,1部,◆り◆,
カナマイ注100「フジタ」,硫酸カナマイシン注射液,カナマイ注100「フジタ」,フジタ製薬,100mg(力価)1mLＶ,5.0,,1部,◆り◆,
硫酸カナマイシン注100「KS」,硫酸カナマイシン注射液,硫酸カナマイシン注100「KS」,共立製薬,100mg(力価)1mLＶ,5.0,,1部,◆り◆,
硫酸カナマイシン注射液,硫酸カナマイシン注射液,,,250mg(力価)1mLＶ,16.0,,1部,◆り◆,
カナマイ注250「フジタ」,硫酸カナマイシン注射液,カナマイ注250「フジタ」,フジタ製薬,250mg(力価)1mLＶ,16.0,,1部,◆り◆,
カナマイ（フジ）250,硫酸カナマイシン注射液,カナマイ（フジ）250,リケンベッツファーマ,250mg(力価)1mLＶ,16.0,,1部,◆り◆,
硫酸カナマイシン注射液250明治,硫酸カナマイシン注射液,硫酸カナマイシン注射液250明治,明治アニマルヘルス,250mg(力価)1mLＶ,16.0,,1部,◆り◆,
硫酸カナマイシン注250「KS」,硫酸カナマイシン注射液,硫酸カナマイシン注250「KS」,共立製薬,250mg(力価)1mLＶ,16.0,,1部,◆り◆,
硫酸ジヒドロストレプトマイシン注射液,硫酸ジヒドロストレプトマイシン注射液,,,250mg(力価)1mLＶ,10.0,,1部,◆り◆,
ジヒドロストレプトマイシン注射液「タムラ」,硫酸ジヒドロストレプトマイシン注射液,ジヒドロストレプトマイシン注射液「タムラ」,リケンベッツファーマ,250mg(力価)1mLＶ,10.0,,1部,◆り◆,
硫酸セフキノム油性懸濁注射液,硫酸セフキノム油性懸濁注射液,,,25mg(力価)1mLＶ,45.0,,1部,◆り◆,
コバクタン,硫酸セフキノム油性懸濁注射液,コバクタン,MSDアニマルヘルス,25mg(力価)1mLＶ,45.0,,1部,◆り◆,
セファガード,硫酸セフキノム油性懸濁注射液,セファガード,MSDアニマルヘルス,25mg(力価)1mLＶ,45.0,,1部,◆り◆,
硫酸マグネシウム注射液,硫酸マグネシウム注射液,,,20％100mL1Ｖ,211.0,,1部,◆り◆,
動物用マグゾール注,硫酸マグネシウム注射液,動物用マグゾール注,日本全薬工業,20％100mL1Ｖ,211.0,,1部,◆り◆,
リンゲル液,リンゲル液,,,500mL1Ｖ,251.0,,1部,◆り◆,(局)
リンゲル液,リンゲル液,,,500mL1B,219.0,,1部,◆り◆,(局)
リン酸デキサメタゾンナトリウム注射液,リン酸デキサメタゾンナトリウム注射液,,,1mg1mL1Ｖ,31.0,,1部,◆り◆,
水溶性デキサ注「KS」,リン酸デキサメタゾンナトリウム注射液,水溶性デキサ注「KS」,共立製薬,1mg1mL1Ｖ,31.0,,1部,◆り◆,
リン酸デキサメタゾンナトリウム注射液,リン酸デキサメタゾンナトリウム注射液,,,1.315mg1mLPB,25.0,,1部,◆り◆,
水性デキサ注0.1％,リン酸デキサメタゾンナトリウム注射液,水性デキサ注0.1％,フジタ製薬,1.315mg1mLPB,25.0,,1部,◆り◆,
動物用ルテウムデポー,,動物用ルテウムデポー,あすかアニマルヘルス,5mL1Ａ,519.0,,1部,◆る◆,
レスチオンV注「KS」,,レスチオンV注「KS」,共立製薬,100mL1V,456.0,,1部,◆れ◆,
レバチオニン,,レバチオニン,日本全薬工業,100mL1Ｖ,174.0,,1部,◆れ◆,
アスピリン「ケンエー」,アスピリン「ケンエー」,,,10g,43.8,,2部,◆あ◆,(局)
アスピリン原末「マルイシ」,アスピリン原末「マルイシ」,,,10g,49.1,,2部,◆あ◆,(局)
アスピリン「ホエイ」,アスピリン「ホエイ」,,,10g,35.6,,2部,◆あ◆,(局)
アスピリン（山善）,アスピリン（山善）,,,10g,49.1,,2部,◆あ◆,(局)
アスピリン「ヨシダ」,アスピリン「ヨシダ」,,,10g,49.1,,2部,◆あ◆,(局)
アモキシシリン散,アモキシシリン散,,,100mg(力価)1g,2.7,,2部,◆あ◆,
アモキシシリン可溶散10％「KS」,アモキシシリン散,アモキシシリン可溶散10％「KS」,共立製薬,100mg(力価)1g,2.7,,2部,◆あ◆,
アモキシシリン10％可溶散「明治」,アモキシシリン散,アモキシシリン10％可溶散「明治」,明治アニマルヘルス,100mg(力価)1g,2.7,,2部,◆あ◆,
アモキシシリン散,アモキシシリン散,,,200mg(力価)1g,4.1,,2部,◆あ◆,
アモキシシリン可溶散20％「KS」,アモキシシリン散,アモキシシリン可溶散20％「KS」,共立製薬,200mg(力価)1g,4.1,,2部,◆あ◆,
アモキシシリン20％可溶散「明治」,アモキシシリン散,アモキシシリン20％可溶散「明治」,明治アニマルヘルス,200mg(力価)1g,4.1,,2部,◆あ◆,
アモキシシリン粒,アモキシシリン粒,,,100mg(力価)1g,3.1,,2部,◆あ◆,
アモキシシリン可溶散10％「フジタ」,アモキシシリン粒,アモキシシリン可溶散10％「フジタ」,フジタ製薬,100mg(力価)1g,3.1,,2部,◆あ◆,
アモキシシリン粒,アモキシシリン粒,,,200mg(力価)1g,6.1,,2部,◆あ◆,
アモキシシリン可溶散20％「フジタ」,アモキシシリン粒,アモキシシリン可溶散20％「フジタ」,フジタ製薬,200mg(力価)1g,6.1,,2部,◆あ◆,
アモキシシリン粒,アモキシシリン粒,,,700mg(力価)1g,11.2,,2部,◆あ◆,
アモキシシリン可溶散70％「フジタ」,アモキシシリン粒,アモキシシリン可溶散70％「フジタ」,フジタ製薬,700mg(力価)1g,11.2,,2部,◆あ◆,
アロエ末,アロエ末,,,10g,41.0,ロカイ末,2部,◆あ◆,(局)
安息香酸ナトリウムカフェイン,安息香酸ナトリウムカフェイン,,,1g,7.7,アンナカ,2部,◆あ◆,(局)
"安息香酸ナトリウムカフェイン原末
「マルイシ」","安息香酸ナトリウムカフェイン原末
「マルイシ」",,,1g,8.6,アンナカ,2部,◆あ◆,(局)
アンピシリン散,アンピシリン散,,,100mg(力価)1g,25.4,,2部,◆あ◆,
アンピシリン散「KS」,アンピシリン散,アンピシリン散「KS」,共立製薬,100mg(力価)1g,25.4,,2部,◆あ◆,
動物用アンピシリン散「コーキン」,アンピシリン散,動物用アンピシリン散「コーキン」,コーキン化学,100mg(力価)1g,25.4,,2部,◆あ◆,
オーテシン散,アンピシリン散,オーテシン散,あすかアニマルヘルス,100mg(力価)1g,25.4,,2部,◆あ◆,
パーレシン粒,アンピシリン散,パーレシン粒,MSDアニマルヘルス,100mg(力価)1g,25.4,,2部,◆あ◆,
イソプロチオラン粒剤,イソプロチオラン粒剤,,,25％10g,40.7,,2部,◆い◆,
フジックス,イソプロチオラン粒剤,フジックス,日本全薬工業,25％10g,40.7,,2部,◆い◆,
イソプロチオラン散剤,イソプロチオラン散剤,,,50％10g,95.7,,2部,◆い◆,
フジックス散,イソプロチオラン散剤,フジックス散,日本全薬工業,50％10g,95.7,,2部,◆い◆,
ウルソデオキシコール酸散,ウルソデオキシコール酸散,,,5％1g,4.4,,2部,◆う◆,
ウルソー5％,ウルソデオキシコール酸散,ウルソー5％,物産アニマルヘルス,5％1g,4.4,,2部,◆う◆,
ウルソデオキシコール酸5％「KS」,ウルソデオキシコール酸散,ウルソデオキシコール酸5％「KS」,共立製薬,5％1g,4.4,,2部,◆う◆,
ウルソデオキシコール散「文永堂」,ウルソデオキシコール酸散,ウルソデオキシコール散「文永堂」,文永堂製薬,5％1g,4.4,,2部,◆う◆,
ヘパウルソ５％フレーバー,ウルソデオキシコール酸散,ヘパウルソ５％フレーバー,リケンベッツファーマ,5％1g,4.4,,2部,◆う◆,
ウロストン,ウルソデオキシコール酸散,ウロストン,科研製薬,50％1g,23.7,,2部,◆う◆,
エクテシン液,,エクテシン液,明治アニマルヘルス,10％10mL,68.6,,2部,◆え◆,
エフェドリン塩酸塩,エフェドリン塩酸塩,,,1g,107.5,塩酸エフェドリン,2部,◆え◆,(局)
ℓ－メントール,ℓ－メントール,,,1g,16.9,,2部,◆え◆,(局)
ℓ－メントール「ケンエー」,ℓ－メントール「ケンエー」,,,1g,21.4,,2部,◆え◆,(局)
ℓ－メントール「コザカイ・Ｍ」,ℓ－メントール「コザカイ・Ｍ」,,,1g,20.4,,2部,◆え◆,(局)
塩化カリウム,塩化カリウム,,,10g,7.8,,2部,◆え◆,(局)
塩化カリウム「フソー」,塩化カリウム「フソー」,,,10g,13.7,,2部,◆え◆,(局)
塩化カルシウム水和物,塩化カルシウム水和物,,,10g,17.1,塩化カルシウム,2部,◆え◆,(局)
塩酸オキシテトラサイクリン散,塩酸オキシテトラサイクリン散,,,100mg(力価)1g,3.6,,2部,◆え◆,
オキテラ水溶散・100,塩酸オキシテトラサイクリン散,オキテラ水溶散・100,共立製薬,100mg(力価)1g,3.6,,2部,◆え◆,
ＯＴＣ可溶散「コーキン」,塩酸オキシテトラサイクリン散,ＯＴＣ可溶散「コーキン」,コーキン化学,100mg(力価)1g,3.6,,2部,◆え◆,
塩酸オキシテトラサイクリン散,塩酸オキシテトラサイクリン散,,,500mg(力価)1g,9.1,,2部,◆え◆,
ＯＴＣ可溶散50％「KS」,塩酸オキシテトラサイクリン散,ＯＴＣ可溶散50％「KS」,共立製薬,500mg(力価)1g,9.1,,2部,◆え◆,
塩酸クレンブテロール,塩酸クレンブテロール,,,0.025mg1mL,35.2,,2部,◆え◆,
ベンチプルミン－シロップ,塩酸クレンブテロール,ベンチプルミン－シロップ,B.I.アニマルヘルスジャパン,0.025mg1mL,35.2,,2部,◆え◆,
塩酸クロルテトラサイクリン散,塩酸クロルテトラサイクリン散,,,200mg(力価)1g,12.2,,2部,◆え◆,
ＣＴＣ可溶散「ＳＰ」,塩酸クロルテトラサイクリン散,ＣＴＣ可溶散「ＳＰ」,MSDアニマルヘルス,200mg(力価)1g,12.2,,2部,◆え◆,
ＣＴＣ水溶散「ﾍﾞｰﾘﾝｶﾞｰｲﾝｹﾞﾙﾊｲﾑ」,塩酸クロルテトラサイクリン散,ＣＴＣ水溶散「ﾍﾞｰﾘﾝｶﾞｰｲﾝｹﾞﾙﾊｲﾑ」,B.I.アニマルヘルスジャパン,200mg(力価)1g,12.2,,2部,◆え◆,
塩酸ドキシサイクリン散,塩酸ドキシサイクリン散,,,20mg(力価)1g,2.0,,2部,◆え◆,
ビブラベット－20Ｍ,塩酸ドキシサイクリン散,ビブラベット－20Ｍ,ピーヴィージー・ジャパン,20mg(力価)1g,2.0,,2部,◆え◆,
エンロフロキサシン液,エンロフロキサシン液,,,2.5％1mL,26.7,,2部,◆え◆,
バイトリル2.5％ＨＶ液,エンロフロキサシン液,バイトリル2.5％ＨＶ液,エランコジャパン,2.5％1mL,26.7,,2部,◆え◆,
オウバク末,オウバク末,,,10g,31.0,黄柏末,2部,◆お◆,(局)
オキソリン酸散,オキソリン酸散,,,5％1g,12.2,,2部,◆お◆,
パラザン,オキソリン酸散,パラザン,松村薬品,5％1g,12.2,,2部,◆お◆,
オキソリン酸散,オキソリン酸散,,,10％1g,14.3,,2部,◆お◆,
動物用オキソリッチ散,オキソリン酸散,動物用オキソリッチ散,コーキン化学,10％1g,14.3,,2部,◆お◆,
オメプラゾール,オメプラゾール,,,6.16g1S,3638.5,,2部,◆お◆,
ガストロガード®,オメプラゾール,ガストロガード®,B.I.アニマルヘルスジャパン,6.16g1S,3638.5,,2部,◆お◆,
動物用ガストリン,,動物用ガストリン,共立製薬,10mL,80.5,,2部,◆か◆,
ガスナインＳ,,ガスナインＳ,日本全薬工業,10mL,77.4,,2部,◆か◆,
家畜健胃散「スタマー」,,家畜健胃散「スタマー」,日本全薬工業,10g,7.1,,2部,◆か◆,
乾燥酵母,乾燥酵母,,,10g,29.7,,2部,◆か◆,(局)
乾燥酵母エビオス,乾燥酵母エビオス,,,10g,30.5,,2部,◆か◆,(局)
カンゾウ末,カンゾウ末,,,10g,32.0,甘草末,2部,◆か◆,(局)
希塩酸,希塩酸,,,10mL,9.3,,2部,◆き◆,(局)
キートン,希塩酸,キートン,フジタ製薬,10g,10.2,,2部,◆き◆,(局)
キニジン硫酸塩水和物,キニジン硫酸塩水和物,,,1g,93.1,硫酸キニジン,2部,◆き◆,(局)
キョウニン水,キョウニン水,,,10mL,17.1,杏仁水,2部,◆き◆,(局)
キョウニン水　シオエ,キョウニン水　シオエ,,,10mL,17.9,杏仁水,2部,◆き◆,(局)
キョウニン水　〈ハチ〉,キョウニン水　〈ハチ〉,,,10mL,20.2,杏仁水,2部,◆き◆,(局)
キョウニン水「マルイシ」,キョウニン水「マルイシ」,,,10mL,17.9,杏仁水,2部,◆き◆,(局)
キョウニン水（山善）,キョウニン水（山善）,,,10mL,17.9,杏仁水,2部,◆き◆,(局)
苦味チンキ,苦味チンキ,,,10mL,16.0,,2部,◆く◆,(局)
苦味チンキ「ニッコー」,苦味チンキ「ニッコー」,,,10mL,17.2,,2部,◆く◆,(局)
グルコン酸カルシウム水和物,グルコン酸カルシウム水和物,,,1g,7.5,グルコン酸カルシウム,2部,◆く◆,(局)
グレビオマイシン散,グルコン酸カルシウム水和物,グレビオマイシン散,日産合成工業,10g,85.0,グルコン酸カルシウム,2部,◆く◆,(局)
クロルフェニラミンマレイン酸塩散,クロルフェニラミンマレイン酸塩散,,,1％1g,7.7,マレイン酸クロルフェニラミン散,2部,◆く◆,(局)
ケイ酸マグネシウム,ケイ酸マグネシウム,,,10g,7.0,,2部,◆け◆,(局)
軽種馬用ハテキ,ケイ酸マグネシウム,軽種馬用ハテキ,ミヤリサン製薬,10g,16.0,,2部,◆け◆,(局)
ケイヒ末,ケイヒ末,,,10g,21.9,桂皮末,2部,◆け◆,(局)
ケトナイン「文永堂」,ケイヒ末,ケトナイン「文永堂」,文永堂製薬,250mL,536.0,桂皮末,2部,◆け◆,(局)
ゲリトミン散,ケイヒ末,ゲリトミン散,共立製薬,10g,16.3,桂皮末,2部,◆け◆,(局)
ゲンチアナ末,ゲンチアナ末,,,10g,32.6,,2部,◆け◆,(局)
ゲンチアナ末「ケンエー」,ゲンチアナ末「ケンエー」,,,10g,33.1,,2部,◆け◆,(局)
合成ケイ酸アルミニウム,合成ケイ酸アルミニウム,,,10g,19.4,,2部,◆こ◆,(局)
コデインリン酸塩散1％,コデインリン酸塩散1％,,,1％1g,7.7,リン酸コデイン散１％,2部,◆こ◆,(局)
コデインリン酸塩散1％「シオエ」,コデインリン酸塩散1％「シオエ」,,,1％1g,8.5,リン酸コデイン散１％,2部,◆こ◆,(局)
コデインリン酸塩散1％〈ハチ〉,コデインリン酸塩散1％〈ハチ〉,,,1％1g,8.5,リン酸コデイン散１％,2部,◆こ◆,(局)
コデインリン酸塩散1％「ホエイ」,コデインリン酸塩散1％「ホエイ」,,,1％1g,8.5,リン酸コデイン散１％,2部,◆こ◆,(局)
コデインリン酸塩散1％「メタル」,コデインリン酸塩散1％「メタル」,,,1％1g,10.5,リン酸コデイン散１％,2部,◆こ◆,(局)
ジアスターゼ,ジアスターゼ,,,10g,24.2,,2部,◆し◆,(局)
ジアスターゼ　シオエ,ジアスターゼ　シオエ,,,10g,31.3,,2部,◆し◆,(局)
ジアスターゼ「ニッコー」,ジアスターゼ「ニッコー」,,,10g,28.1,,2部,◆し◆,(局)
ジアスターゼ（山善）,ジアスターゼ（山善）,,,10g,27.4,,2部,◆し◆,(局)
ジヒドロコデインリン酸塩散1％,ジヒドロコデインリン酸塩散1％,,,1％1g,11.3,リン酸ジヒドロコデイン散１％,2部,◆し◆,(局)
新オルゲンＳ,ジヒドロコデインリン酸塩散1％,新オルゲンＳ,文永堂製薬,10g,33.0,リン酸ジヒドロコデイン散１％,2部,◆し◆,(局)
人工カルルス塩,人工カルルス塩,,,10g,7.0,,2部,◆し◆,
新中森獣医散,人工カルルス塩,新中森獣医散,中森製薬,15g,46.9,,2部,◆し◆,
新中森獣医散［Ｚ］,人工カルルス塩,新中森獣医散［Ｚ］,中森製薬,15g,45.8,,2部,◆し◆,
スルピリン水和物,スルピリン水和物,,,1g,7.5,スルピリン,2部,◆す◆,(局)
スルファモノメトキシン水和物,スルファモノメトキシン水和物,,,1g,24.6,スルファモノメトキシン,2部,◆す◆,
ダイメトン「明治」,スルファモノメトキシン水和物,ダイメトン「明治」,明治アニマルヘルス,1g,24.6,スルファモノメトキシン,2部,◆す◆,
スルファモノメトキシン散,スルファモノメトキシン散,,,10％10g,39.4,,2部,◆す◆,
ダイメトンＳ散,スルファモノメトキシン散,ダイメトンＳ散,明治アニマルヘルス,10％10g,39.4,,2部,◆す◆,
スルファモノメトキシン散,スルファモノメトキシン散,,,20％10g,47.1,,2部,◆す◆,
ダイメトン散20％,スルファモノメトキシン散,ダイメトン散20％,明治アニマルヘルス,20％10g,47.1,,2部,◆す◆,
スルファモノメトキシンナトリウム,スルファモノメトキシンナトリウム,,,純末1g,27.1,,2部,◆す◆,
ダイメトンソーダ,スルファモノメトキシンナトリウム,ダイメトンソーダ,明治アニマルヘルス,純末1g,27.1,,2部,◆す◆,
精製水,精製水,,,10mL,1.1,,2部,◆せ◆,(局)
精製水「NikP],精製水「NikP],,,10mL,2.5,,2部,◆せ◆,(局)
精製水（共栄）,精製水（共栄）,,,10mL,1.4,,2部,◆せ◆,(局)
精製水「ケンエー」,精製水「ケンエー」,,,10mL,2.5,,2部,◆せ◆,(局)
精製水（小堺）,精製水（小堺）,,,10mL,2.5,,2部,◆せ◆,(局)
精製水（サンケミファ）,精製水（サンケミファ）,,,10mL,1.6,,2部,◆せ◆,(局)
精製水（シオエ）,精製水（シオエ）,,,10mL,2.5,,2部,◆せ◆,(局)
精製水（昭和）,精製水（昭和）,,,10mL,2.5,,2部,◆せ◆,(局)
精製水（大成）,精製水（大成）,,,10mL,2.5,,2部,◆せ◆,(局)
精製水（高杉）,精製水（高杉）,,,10mL,2.5,,2部,◆せ◆,(局)
精製水（東海製薬）,精製水（東海製薬）,,,10mL,2.5,,2部,◆せ◆,(局)
精製水（東豊）,精製水（東豊）,,,10mL,2.5,,2部,◆せ◆,(局)
精製水（日興製薬）,精製水（日興製薬）,,,10mL,2.5,,2部,◆せ◆,(局)
精製水（山善）,精製水（山善）,,,10mL,2.5,,2部,◆せ◆,(局)
精製水「ヨシダ」,精製水「ヨシダ」,,,10mL,2.5,,2部,◆せ◆,(局)
整腸散ＮＺ,精製水「ヨシダ」,整腸散ＮＺ,日本全薬工業,10g,22.4,,2部,◆せ◆,(局)
センブリ・重曹散,センブリ・重曹散,,,1g,7.2,,2部,◆せ◆,(局)
センブリ・重曹散「メタル」,センブリ・重曹散「メタル」,,,1g,7.7,,2部,◆せ◆,(局)
センブリ・重曹散「ヨシダ」,センブリ・重曹散「ヨシダ」,,,1g,7.7,,2部,◆せ◆,(局)
センブリ末,センブリ末,,,10g,222.3,当薬末,2部,◆せ◆,(局)
ゼノストン,センブリ末,ゼノストン,日本全薬工業,10g,9.2,カウストン,2部,◆せ◆,(局)
ダイオウ末,ダイオウ末,,,10g,24.5,大黄末,2部,◆た◆,(局)
炭酸水素ナトリウム,炭酸水素ナトリウム,,,10g,7.7,重曹、重炭酸ナトリウム,2部,◆た◆,(局)
炭酸水素ナトリウム　シオエ,炭酸水素ナトリウム　シオエ,,,10g,9.2,重曹、重炭酸ナトリウム,2部,◆た◆,(局)
タンニン酸アルブミン,タンニン酸アルブミン,,,1g,7.2,タンナルビン,2部,◆た◆,(局)
タンニン酸アルブミン「ケンエー」,タンニン酸アルブミン「ケンエー」,,,1g,8.1,タンナルビン,2部,◆た◆,(局)
タンニン酸アルブミン「三恵」,タンニン酸アルブミン「三恵」,,,1g,7.5,タンナルビン,2部,◆た◆,(局)
タンニン酸アルブミン　シオエ,タンニン酸アルブミン　シオエ,,,1g,7.7,タンナルビン,2部,◆た◆,(局)
タンニン酸アルブミン「ニッコー」,タンニン酸アルブミン「ニッコー」,,,1g,9.6,タンナルビン,2部,◆た◆,(局)
タンニン酸アルブミン〈ハチ〉,タンニン酸アルブミン〈ハチ〉,,,1g,7.7,タンナルビン,2部,◆た◆,(局)
タンニン酸アルブミン（山善）,タンニン酸アルブミン（山善）,,,1g,7.5,タンナルビン,2部,◆た◆,(局)
畜救散,,畜救散,大園製薬,10g,29.5,,2部,◆ち◆,
天然ケイ酸アルミニウム,天然ケイ酸アルミニウム,,,10g,7.7,,2部,◆て◆,(局)
トルラミン,,トルラミン,共立製薬,10g,8.1,,2部,◆と◆,
ナトキン－L,,ナトキン－L,共立製薬,10g,24.4,,2部,◆な◆,
乳糖水和物,乳糖水和物,,,10g,14.7,乳糖,2部,◆に◆,(局)
乳糖水和物「ケンエー」,乳糖水和物「ケンエー」,,,10g,14.9,乳糖,2部,◆に◆,(局)
乳糖水和物原末「マルイシ」,乳糖水和物原末「マルイシ」,,,10g,19.7,乳糖,2部,◆に◆,(局)
乳糖水和物（小堺）,乳糖水和物（小堺）,,,10g,19.7,乳糖,2部,◆に◆,(局)
乳糖水和物「シオエ」,乳糖水和物「シオエ」,,,10g,24.6,乳糖,2部,◆に◆,(局)
乳糖水和物「ホエイ」,乳糖水和物「ホエイ」,,,10g,15.6,乳糖,2部,◆に◆,(局)
乳糖水和物「ヨシダ」,乳糖水和物「ヨシダ」,,,10g,24.6,乳糖,2部,◆に◆,(局)
乳糖（日興製薬）,乳糖（日興製薬）,,,10g,24.6,乳糖,2部,◆に◆,(局)
乳糖（山善）,乳糖（山善）,,,10g,19.5,乳糖,2部,◆に◆,(局)
ネオクインコール,,ネオクインコール,日本全薬工業,250mL,225.1,,2部,◆ね◆,
ネオトルラー80,,ネオトルラー80,文永堂製薬,10g,13.1,,2部,◆ね◆,
ネオルノーゲン,,ネオルノーゲン,共立製薬,250mL,414.0,,2部,◆ね◆,
ネオルノーゲン,,ネオルノーゲン,共立製薬,20Ｌ,17476.0, ,2部,◆ね◆,
ハイクインコール,,ハイクインコール,日本全薬工業,250mL,205.7,,2部,◆は◆,
ハッカ油,ハッカ油,,,1mL,10.5,薄荷油,2部,◆は◆,(局)
ハッカ油「ケンエー」,ハッカ油「ケンエー」,,,1mL,20.1,薄荷油,2部,◆は◆,(局)
ハッカ油「コザカイ・M」,ハッカ油「コザカイ・M」,,,1mL,16.1,薄荷油,2部,◆は◆,(局)
ハッカ油「東海」,ハッカ油「東海」,,,1mL,12.3,薄荷油,2部,◆は◆,(局)
ハッカ油「ニッコー」,ハッカ油「ニッコー」,,,1mL,21.2,薄荷油,2部,◆は◆,(局)
パンカルＧ散,ハッカ油「ニッコー」,パンカルＧ散,明治アニマルヘルス,10g,9.2,薄荷油,2部,◆は◆,(局)
ビオイムボンバー散,,ビオイムボンバー散,リケンベッツファーマ,10g,71.5,,2部,◆ひ◆,
ビオエンチ,,ビオエンチ,東亜薬品工業,10g,36.7,,2部,◆ひ◆,
動物用ビオスリー,,動物用ビオスリー,東亜薬品工業,10g,18.2,,2部,◆ひ◆,
ビオペア,,ビオペア,東亜薬品工業,10g,123.1,,2部,◆ひ◆,
ビコザマイシン散,ビコザマイシン散,,,50mg(力価)1g,31.6,,2部,◆ひ◆,
バクテロン散5％,ビコザマイシン散,バクテロン散5％,住化エンバイロメンタルサイエンス,50mg(力価)1g,31.6,,2部,◆ひ◆,
ビスキノン末,ビコザマイシン散,ビスキノン末,リケンベッツファーマ,10g,17.3,,2部,◆ひ◆,
ビスキノン散フレーバー,ビコザマイシン散,ビスキノン散フレーバー,リケンベッツファーマ,10g,50.0,,2部,◆ひ◆,
ヒマシ油,ヒマシ油,,,10mL,11.9,,2部,◆ひ◆,(局)
ヒマシ油「東海」,ヒマシ油「東海」,,,10mL,13.4,,2部,◆ひ◆,(局)
ヒマシ油「ニッコー」,ヒマシ油「ニッコー」,,,10mL,13.4,,2部,◆ひ◆,(局)
ヒマシ油（山善）,ヒマシ油（山善）,,,10mL,14.2,,2部,◆ひ◆,(局)
ブドウ糖,ブドウ糖,,,10g,7.7,,2部,◆ふ◆,(局)
ブドウ糖「コザカイ・M],ブドウ糖「コザカイ・M],,,10g,8.9,,2部,◆ふ◆,(局)
ブドウ糖「ニッコー」,ブドウ糖「ニッコー」,,,10g,13.2,,2部,◆ふ◆,(局)
フルニキシンメグルミン,フルニキシンメグルミン,,,8.3％1g,164.0,,2部,◆ふ◆,
バナミンペースト,フルニキシンメグルミン,バナミンペースト,MSDアニマルヘルス,8.3％1g,164.0,,2部,◆ふ◆,
フロルフェニコール液2％「フジタ」,フルニキシンメグルミン,フロルフェニコール液2％「フジタ」,フジタ製薬,20mg/mL,6.1,,2部,◆ふ◆,
フロルフェニコール液5％「フジタ」,フルニキシンメグルミン,フロルフェニコール液5％「フジタ」,フジタ製薬,50mg/mL,13.2,,2部,◆ふ◆,
フロルフェニコール液10％「フジタ」,フルニキシンメグルミン,フロルフェニコール液10％「フジタ」,フジタ製薬,100mg/mL,25.5,,2部,◆ふ◆,
ベコクサン,,ベコクサン,MSDアニマルヘルス,1mL,61.0,,2部,◆へ◆,
ベリノール末Ａ,,ベリノール末Ａ,日本全薬工業,10g,30.9,,2部,◆へ◆,
ベルパリン末,,ベルパリン末,リケンベッツファーマ,10g,13.2,　,2部,◆へ◆,
ホスホマイシンカルシウム散,ホスホマイシンカルシウム散,,,400mg(力価)1g,72.0,,2部,◆ほ◆,
ホスミシン細粒40％,ホスホマイシンカルシウム散,ホスミシン細粒40％,明治アニマルヘルス,400mg(力価)1g,72.0,,2部,◆ほ◆,
ボビノン,ホスホマイシンカルシウム散,ボビノン,日本全薬工業,10g,9.2,,2部,◆ほ◆,
ホミカエキス散,ホミカエキス散,,,1g,7.7,,2部,◆ほ◆,(局)
ポンテ散,ホミカエキス散,ポンテ散,フジタ製薬,10g,35.6,,2部,◆ほ◆,(局)
マグコンゾール,,マグコンゾール,日本全薬工業,250mL,265.8,,2部,◆ま◆,
獣医用宮入菌末,,獣医用宮入菌末,ミヤリサン製薬,10g,35.6,,2部,◆み◆,
動物用ミヤリサン,,動物用ミヤリサン,ミヤリサン製薬,10g,29.4,,2部,◆み◆,
メトクロプラミド散,メトクロプラミド散,,,15.35mg1g,12.9,,2部,◆め◆,
テルペラン経口用,メトクロプラミド散,テルペラン経口用,あすかアニマルヘルス,15.35mg1g,12.9,,2部,◆め◆,
プリンペラン経口用,メトクロプラミド散,プリンペラン経口用,MSDアニマルヘルス,15.35mg1g,12.9,,2部,◆め◆,
モサプリドクエン酸塩水和物,モサプリドクエン酸塩水和物,,,1％10g,346.9,クエン酸モサプリド,2部,◆も◆,
プロナミドE散1％,モサプリドクエン酸塩水和物,プロナミドE散1％,物産アニマルヘルス,1％10g,346.9,クエン酸モサプリド,2部,◆も◆,
薬用炭,薬用炭,,,1g,8.5,,2部,◆や◆,(局)
ヨウ化カリウム,ヨウ化カリウム,,,1g,7.7,,2部,◆よ◆,(局)
ヨウ化カリウム「コザカイ・M],ヨウ化カリウム「コザカイ・M],,,1g,11.3,,2部,◆よ◆,(局)
ヨウ化カリウム「ニッコー」,ヨウ化カリウム「ニッコー」,,,1g,14.5,,2部,◆よ◆,(局)
ヨウ化カリウム（山善）,ヨウ化カリウム（山善）,,,1g,8.1,,2部,◆よ◆,(局)
リゾストン,,リゾストン,共立製薬,10g,12.2,,2部,◆り◆,
硫酸ゲンタマイシン散,硫酸ゲンタマイシン散,,,50mg(力価)3.0g,229.3,,2部,◆り◆,
動物用ゲンタリン細粒,硫酸ゲンタマイシン散,動物用ゲンタリン細粒,MSDアニマルヘルス,50mg(力価)3.0g,229.3,,2部,◆り◆,
硫酸コリスチン散,硫酸コリスチン散,,,100mg(力価)1g,75.4,,2部,◆り◆,
硫酸コリスチン10％可溶散明治,硫酸コリスチン散,硫酸コリスチン10％可溶散明治,明治アニマルヘルス,100mg(力価)1g,75.4,,2部,◆り◆,
硫酸ストレプトマイシン散,硫酸ストレプトマイシン散,,,60mg(力価)1g,5.0,,2部,◆り◆,
ストマイ顆粒,硫酸ストレプトマイシン散,ストマイ顆粒,日本全薬工業,60mg(力価)1g,5.0,,2部,◆り◆,
硫酸マグネシウム水和物,硫酸マグネシウム水和物,,,10g,7.7,硫酸マグネシウム,2部,◆り◆,(局)
リン酸水素カルシウム水和物,リン酸水素カルシウム水和物,,,10g,15.8,第二リン酸カルシウム、リン酸水素カルシウム,2部,◆り◆,(局)
リン酸チルミコシン液,リン酸チルミコシン液,,,250mg(力価)1mLV,39.0,,2部,◆り◆,
チルミコシン経口液「タムラ」,リン酸チルミコシン液,チルミコシン経口液「タムラ」,リケンベッツファーマ,250mg(力価)1mLV,39.0,,2部,◆り◆,
チルモベット経口液,リン酸チルミコシン液,チルモベット経口液,Huvepharma Japan,250mg(力価)1mLV,39.0,,2部,◆り◆,
ミコラル経口液,リン酸チルミコシン液,ミコラル経口液,エランコジャパン,250mg(力価)1mLV,39.0,,2部,◆り◆,
亜鉛華軟膏,亜鉛華軟膏,,,10g,20.8,酸化亜鉛軟膏,3部,◆あ◆,(局)
亜鉛華軟膏「コザカイ・Ｍ」,亜鉛華軟膏「コザカイ・Ｍ」,,,10g,33.0,酸化亜鉛軟膏,3部,◆あ◆,(局)
亜鉛華軟膏シオエ,亜鉛華軟膏シオエ,,,10g,33.0,酸化亜鉛軟膏,3部,◆あ◆,(局)
亜鉛華軟膏「東豊」,亜鉛華軟膏「東豊」,,,10g,27.0,酸化亜鉛軟膏,3部,◆あ◆,(局)
亜鉛華軟膏「日医工」,亜鉛華軟膏「日医工」,,,10g,33.0,酸化亜鉛軟膏,3部,◆あ◆,(局)
亜鉛華軟膏「ニッコー」,亜鉛華軟膏「ニッコー」,,,10g,33.0,酸化亜鉛軟膏,3部,◆あ◆,(局)
亜鉛華軟膏〈ハチ〉,亜鉛華軟膏〈ハチ〉,,,10g,26.6,酸化亜鉛軟膏,3部,◆あ◆,(局)
亜鉛華軟膏「ヨシダ」,亜鉛華軟膏「ヨシダ」,,,10g,33.0,酸化亜鉛軟膏,3部,◆あ◆,(局)
アクリノール水和物,アクリノール水和物,,,1g,58.9,アクリノール、乳酸エタクリジン,3部,◆あ◆,(局)
アドレナリン液,アドレナリン液,,,0.1％1mL,12.0,エピネフリン液、塩酸アドレナリン液、塩酸エピネフリン液,3部,◆あ◆,(局)
アンドレス軟膏,アドレナリン液,アンドレス軟膏,共立製薬,10g,18.0,エピネフリン液、塩酸アドレナリン液、塩酸エピネフリン液,3部,◆あ◆,(局)
アンモニア水,アンモニア水,,,10mL,2.8,,3部,◆あ◆,(局)
アンモニア水「ケンエー」,アンモニア水「ケンエー」,,,10mL,7.6,,3部,◆あ◆,(局)
アンモニア水「タイセイ」,アンモニア水「タイセイ」,,,10mL,6.9,,3部,◆あ◆,(局)
イオウ,イオウ,,,10g,11.7,,3部,◆い◆,(局)
イクタモール,イクタモール,,,10g,36.7,,3部,◆い◆,(局)
液状フェノール,液状フェノール,,,10mL,11.5,,3部,◆え◆,(局)
液状フェノール「ケンエー」,液状フェノール「ケンエー」,,,10mL,13.1,,3部,◆え◆,(局)
液状フェノール（山善）,液状フェノール（山善）,,,10mL,13.1,,3部,◆え◆,(局)
エタノール,エタノール,,,10mL,17.3,,3部,◆え◆,(局)
エタノール「イマヅ」,エタノール「イマヅ」,,,10mL,25.8,,3部,◆え◆,(局)
エタノール（兼一）,エタノール（兼一）,,,10mL,29.7,,3部,◆え◆,(局)
エタノール「ケンエー」,エタノール「ケンエー」,,,10mL,29.7,,3部,◆え◆,(局)
エタノール（小堺）,エタノール（小堺）,,,10mL,25.8,,3部,◆え◆,(局)
エタノール　シオエ,エタノール　シオエ,,,10mL,22.2,,3部,◆え◆,(局)
エタノール「司生堂」,エタノール「司生堂」,,,10mL,25.8,,3部,◆え◆,(局)
エタノール「タイセイ」,エタノール「タイセイ」,,,10mL,29.7,,3部,◆え◆,(局)
エタノール「タカスギ」,エタノール「タカスギ」,,,10mL,25.8,,3部,◆え◆,(局)
エタノール「東海」,エタノール「東海」,,,10mL,21.0,,3部,◆え◆,(局)
エタノール「東豊」,エタノール「東豊」,,,10mL,25.8,,3部,◆え◆,(局)
エタノール「ニッコー」,エタノール「ニッコー」,,,10mL,21.0,,3部,◆え◆,(局)
エタノール〈ハチ〉,エタノール〈ハチ〉,,,10mL,25.8,,3部,◆え◆,(局)
エタノール「マルイシ」,エタノール「マルイシ」,,,10mL,29.7,,3部,◆え◆,(局)
エタノール（ミツマル）,エタノール（ミツマル）,,,10mL,29.7,,3部,◆え◆,(局)
エタノール「ヤクハン」,エタノール「ヤクハン」,,,10mL,29.7,,3部,◆え◆,(局)
エタノール（山善）,エタノール（山善）,,,10mL,29.7,,3部,◆え◆,(局)
エタノール「ヨシダ」,エタノール「ヨシダ」,,,10mL,29.7,,3部,◆え◆,(局)
エタノールワコー,エタノールワコー,,,10mL,21.0,,3部,◆え◆,(局)
エーテル,エーテル,,,10mL,28.9,,3部,◆え◆,(局)
塩化ナトリウム,塩化ナトリウム,,,10g,7.7,食塩,3部,◆え◆,(局)
塩化ナトリウム「オーツカ」,塩化ナトリウム「オーツカ」,,,10g,9.1,食塩,3部,◆え◆,(局)
塩化ナトリウム「東海」,塩化ナトリウム「東海」,,,10g,9.1,食塩,3部,◆え◆,(局)
塩化ナトリウム（山善）,塩化ナトリウム（山善）,,,10g,9.1,食塩,3部,◆え◆,(局)
塩酸,塩酸,,,10mL,8.5,,3部,◆え◆,(局)
塩酸「司生堂」,塩酸「司生堂」,,,10mL,11.6,,3部,◆え◆,(局)
黄色ワセリン,黄色ワセリン,,,10g,8.5,,3部,◆お◆,(局)
黄色ワセリン（日興製薬）,黄色ワセリン（日興製薬）,,,10g,27.4,,3部,◆お◆,(局)
黄色ワセリン（ＶＴＲＳ）,黄色ワセリン（ＶＴＲＳ）,,,10g,10.7,,3部,◆お◆,(局)
オキシドール,オキシドール,,,10mL,7.7,,3部,◆お◆,(局)
オキシドール恵美須,オキシドール恵美須,,,10mL,8.0,,3部,◆お◆,(局)
オキシドール　シオエ,オキシドール　シオエ,,,10mL,8.0,,3部,◆お◆,(局)
オキシドール消毒用液「マルイシ」,オキシドール消毒用液「マルイシ」,,,10mL,8.0,,3部,◆お◆,(局)
オキシドール「タイセイ」,オキシドール「タイセイ」,,,10mL,8.0,,3部,◆お◆,(局)
オキシドール「ホエイ」,オキシドール「ホエイ」,,,10mL,8.0,,3部,◆お◆,(局)
オキシドール「ヨシダ」,オキシドール「ヨシダ」,,,10mL,8.9,,3部,◆お◆,(局)
オリブ油,オリブ油,,,10mL,17.1,,3部,◆お◆,(局)
オリブ油「ケンエー」,オリブ油「ケンエー」,,,10mL,28.0,,3部,◆お◆,(局)
オリブ油（三恵）,オリブ油（三恵）,,,10mL,20.0,,3部,◆お◆,(局)
オリブ油（シオエ）,オリブ油（シオエ）,,,10mL,17.3,,3部,◆お◆,(局)
オリブ油「タイセイ」,オリブ油「タイセイ」,,,10mL,17.3,,3部,◆お◆,(局)
オリブ油「日医工」,オリブ油「日医工」,,,10mL,21.3,,3部,◆お◆,(局)
オリブ油（日興製薬）,オリブ油（日興製薬）,,,10mL,25.4,,3部,◆お◆,(局)
オリブ油（丸石）,オリブ油（丸石）,,,10mL,17.3,,3部,◆お◆,(局)
オリブ油（山善）,オリブ油（山善）,,,10mL,18.2,,3部,◆お◆,(局)
オリブ油「ヨシダ」,オリブ油「ヨシダ」,,,10mL,27.0,,3部,◆お◆,(局)
過マンガン酸カリウム,過マンガン酸カリウム,,,10g,15.7,,3部,◆か◆,(局)
カンフル精,カンフル精,,,10mL,15.2,,3部,◆か◆,
カンメルパスタ,カンフル精,カンメルパスタ,日本全薬工業,10g,21.1,,3部,◆か◆,
カンメルブルー（L）,カンフル精,カンメルブルー（L）,日本全薬工業,10mL,27.5,,3部,◆か◆,
希ヨードチンキ,希ヨードチンキ,,,10mL,11.8,,3部,◆き◆,(局)
希ヨードチンキ「ケンエー」,希ヨードチンキ「ケンエー」,,,10mL,16.5,,3部,◆き◆,(局)
希ヨードチンキ（小堺）,希ヨードチンキ（小堺）,,,10mL,16.5,,3部,◆き◆,(局)
希ヨードチンキ「司生堂」,希ヨードチンキ「司生堂」,,,10mL,16.5,,3部,◆き◆,(局)
希ヨードチンキ「タイセイ」,希ヨードチンキ「タイセイ」,,,10mL,16.5,,3部,◆き◆,(局)
希ヨードチンキ「東海」,希ヨードチンキ「東海」,,,10mL,16.5,,3部,◆き◆,(局)
希ヨードチンキ「東豊」,希ヨードチンキ「東豊」,,,10mL,16.5,,3部,◆き◆,(局)
希ヨードチンキ「ニッコー」,希ヨードチンキ「ニッコー」,,,10mL,17.7,,3部,◆き◆,(局)
希ヨードチンキ（山善）,希ヨードチンキ（山善）,,,10mL,16.5,,3部,◆き◆,(局)
クラーゲンネオ,,クラーゲンネオ,フジタ製薬,10g,15.1,,3部,◆く◆,
グリセリン,グリセリン,,,10mL,8.7,グリセロール,3部,◆く◆,(局)
グリセリン「ケンエー」,グリセリン「ケンエー」,,,10mL,13.1,グリセロール,3部,◆く◆,(局)
グリセリン「コザカイ・Ｍ」,グリセリン「コザカイ・Ｍ」,,,10mL,13.1,グリセロール,3部,◆く◆,(局)
グリセリン　シオエ,グリセリン　シオエ,,,10mL,13.1,グリセロール,3部,◆く◆,(局)
グリセリン「タイセイ」Ｍ,グリセリン「タイセイ」Ｍ,,,10mL,11.1,グリセロール,3部,◆く◆,(局)
グリセリン「東海」,グリセリン「東海」,,,10mL,11.1,グリセロール,3部,◆く◆,(局)
グリセリン「東豊」,グリセリン「東豊」,,,10mL,13.1,グリセロール,3部,◆く◆,(局)
グリセリン「ニッコー」,グリセリン「ニッコー」,,,10mL,13.7,グリセロール,3部,◆く◆,(局)
グリセリン〈ハチ〉,グリセリン〈ハチ〉,,,10mL,10.8,グリセロール,3部,◆く◆,(局)
グリセリン「ヤクハン」,グリセリン「ヤクハン」,,,10mL,13.1,グリセロール,3部,◆く◆,(局)
グリセリン（山善）,グリセリン（山善）,,,10mL,10.8,グリセロール,3部,◆く◆,(局)
酢酸,酢酸,,,10mL,2.8,,3部,◆さ◆,(局)
酢酸「ケンエー」,酢酸「ケンエー」,,,10mL,4.2,,3部,◆さ◆,(局)
酢酸「コザカイ・Ｍ」,酢酸「コザカイ・Ｍ」,,,10mL,4.2,,3部,◆さ◆,(局)
酢酸「昭和」（Ｍ）,酢酸「昭和」（Ｍ）,,,10mL,4.9,,3部,◆さ◆,(局)
酢酸「タイセイ」,酢酸「タイセイ」,,,10mL,3.4,,3部,◆さ◆,(局)
酢酸「日医工」,酢酸「日医工」,,,10mL,4.2,,3部,◆さ◆,(局)
酢酸「ニッコー」,酢酸「ニッコー」,,,10mL,5.7,,3部,◆さ◆,(局)
酢酸（山善）,酢酸（山善）,,,10mL,6.3,,3部,◆さ◆,(局)
酢酸「ヨシダ」,酢酸「ヨシダ」,,,10mL,4.9,,3部,◆さ◆,(局)
サラヤ消毒用エタノール,サラヤ消毒用エタノール,,,10mL,18.7,,3部,◆さ◆,(局)
サリチル酸メチル,サリチル酸メチル,,,1mL,5.9,,3部,◆さ◆,(局)
酸化亜鉛,酸化亜鉛,,,10g,20.1,亜鉛華,3部,◆さ◆,(局)
酸化亜鉛（山善）,酸化亜鉛（山善）,,,10g,22.5,亜鉛華,3部,◆さ◆,(局)
次没食子酸ビスマス,次没食子酸ビスマス,,,1g,11.6,デルマトール,3部,◆し◆,(局)
硝酸銀,硝酸銀,,,1g,183.5,,3部,◆し◆,(局)
消毒用エタノール「イマヅ」,消毒用エタノール「イマヅ」,,,10mL,12.9,,3部,◆し◆,(局)
消毒用エタノール「NP」,消毒用エタノール「NP」,,,10mL,18.7,,3部,◆し◆,(局)
消毒用エタノール（兼一）,消毒用エタノール（兼一）,,,10mL,18.7,,3部,◆し◆,(局)
消毒用エタノール「ケンエー」,消毒用エタノール「ケンエー」,,,10mL,18.7,,3部,◆し◆,(局)
消毒用エタノール「コザカイ・M」,消毒用エタノール「コザカイ・M」,,,10mL,17.5,,3部,◆し◆,(局)
消毒用エタノール　シオエ,消毒用エタノール　シオエ,,,10mL,18.7,,3部,◆し◆,(局)
消毒用エタノール「タイセイ」,消毒用エタノール「タイセイ」,,,10mL,18.7,,3部,◆し◆,(局)
消毒用エタノール「タカスギ」,消毒用エタノール「タカスギ」,,,10mL,17.5,,3部,◆し◆,(局)
消毒用エタノール「東海」,消毒用エタノール「東海」,,,10mL,18.7,,3部,◆し◆,(局)
消毒用エタノール「東豊」,消毒用エタノール「東豊」,,,10mL,18.7,,3部,◆し◆,(局)
消毒用エタノール「ニッコー」,消毒用エタノール「ニッコー」,,,10mL,18.7,,3部,◆し◆,(局)
消毒用エタノール（ハチ）,消毒用エタノール（ハチ）,,,10mL,17.5,,3部,◆し◆,(局)
消毒用エタノール「マルイシ」,消毒用エタノール「マルイシ」,,,10mL,18.7,,3部,◆し◆,(局)
消毒用エタノール（ミツマル）,消毒用エタノール（ミツマル）,,,10mL,18.7,,3部,◆し◆,(局)
消毒用エタノール「メタル」,消毒用エタノール「メタル」,,,10mL,18.7,,3部,◆し◆,(局)
消毒用エタノール「ヤクハン」,消毒用エタノール「ヤクハン」,,,10mL,18.7,,3部,◆し◆,(局)
消毒用エタノール「ヤマゼン」M,消毒用エタノール「ヤマゼン」M,,,10mL,18.7,,3部,◆し◆,(局)
消毒用エタノール「ヨシダ」,消毒用エタノール「ヨシダ」,,,10mL,18.7,,3部,◆し◆,(局)
消毒用エタノール「ワコー」,消毒用エタノール「ワコー」,,,10mL,12.9,,3部,◆し◆,(局)
真菌用軟膏ＮＺ,消毒用エタノール「ワコー」,真菌用軟膏ＮＺ,日本全薬工業,10g,37.2,,3部,◆し◆,(局)
親水クリーム,親水クリーム,,,10g,8.3,親水軟膏,3部,◆し◆,(局)
親水クリーム「コザカイ・Ｍ」,親水クリーム「コザカイ・Ｍ」,,,10g,29.4,親水軟膏,3部,◆し◆,(局)
親水クリーム「シオエ」,親水クリーム「シオエ」,,,10g,29.4,親水軟膏,3部,◆し◆,(局)
親水クリーム「東豊」,親水クリーム「東豊」,,,10g,22.4,親水軟膏,3部,◆し◆,(局)
親水クリーム「ニッコー」,親水クリーム「ニッコー」,,,10g,29.4,親水軟膏,3部,◆し◆,(局)
親水クリーム「ホエイ」,親水クリーム「ホエイ」,,,10g,17.1,親水軟膏,3部,◆し◆,(局)
親水クリーム「ヨシダ」,親水クリーム「ヨシダ」,,,10g,29.4,親水軟膏,3部,◆し◆,(局)
親水ワセリン,親水ワセリン,,,10g,18.6,,3部,◆し◆,(局)
親水ワセリン（日興製薬）,親水ワセリン（日興製薬）,,,10g,35.3,,3部,◆し◆,(局)
水酸化カリウム,水酸化カリウム,,,10g,11.8,,3部,◆す◆,(局)
タルク,タルク,,,10g,7.7,,3部,◆た◆,(局)
単軟膏,単軟膏,,,10g,21.8,,3部,◆た◆,(局)
単軟膏（東豊）,単軟膏（東豊）,,,10g,33.1,,3部,◆た◆,(局)
単軟膏（日興製薬）,単軟膏（日興製薬）,,,10g,39.0,,3部,◆た◆,(局)
単軟膏「ヨシダ」,単軟膏「ヨシダ」,,,10g,39.0,,3部,◆た◆,(局)
タンニン酸,タンニン酸,,,1g,11.5,,3部,◆た◆,(局)
チアントール,チアントール,,,10g,29.3,,3部,◆ち◆,(局)
チンク油,チンク油,,,10g,7.3,,3部,◆ち◆,(局)
チンク油「東海」,チンク油「東海」,,,10g,15.5,,3部,◆ち◆,(局)
チンク油「東豊」,チンク油「東豊」,,,10g,20.7,,3部,◆ち◆,(局)
チンク油「日医工」,チンク油「日医工」,,,10g,23.3,,3部,◆ち◆,(局)
チンク油「ニッコー」,チンク油「ニッコー」,,,10g,23.3,,3部,◆ち◆,(局)
蹄病軟膏ＮＺ,,蹄病軟膏ＮＺ,日本全薬工業,10g,97.0,,3部,◆て◆,
ナナフロシン外用剤,ナナフロシン外用剤,,,0.1mg(力価)1mL,18.7,,3部,◆な◆,
ナナオマイシン油剤あすか,ナナフロシン外用剤,ナナオマイシン油剤あすか,あすかアニマルヘルス,0.1mg(力価)1mL,18.7,,3部,◆な◆,
尿素,尿素,,,10g,7.7,,3部,◆に◆,(局)
白色ワセリン「ケンエー」,白色ワセリン「ケンエー」,,,10g,24.3,,3部,◆は◆,(局)
白色ワセリン（小堺）,白色ワセリン（小堺）,,,10g,24.3,,3部,◆は◆,(局)
白色ワセリン（三恵）,白色ワセリン（三恵）,,,10g,24.3,,3部,◆は◆,(局)
白色ワセリン（シオエ）,白色ワセリン（シオエ）,,,10g,24.3,,3部,◆は◆,(局)
白色ワセリン（東海製薬）,白色ワセリン（東海製薬）,,,10g,24.3,,3部,◆は◆,(局)
白色ワセリン（東豊）,白色ワセリン（東豊）,,,10g,24.3,,3部,◆は◆,(局)
白色ワセリン（東洋製化）,白色ワセリン（東洋製化）,,,10g,24.3,,3部,◆は◆,(局)
白色ワセリン「日医工」,白色ワセリン「日医工」,,,10g,24.3,,3部,◆は◆,(局)
白色ワセリン（日興製薬）,白色ワセリン（日興製薬）,,,10g,24.3,,3部,◆は◆,(局)
白色ワセリン（ＶＴＲＳ）,白色ワセリン（ＶＴＲＳ）,,,10g,24.3,,3部,◆は◆,(局)
白色ワセリン（山善）,白色ワセリン（山善）,,,10g,24.3,,3部,◆は◆,(局)
白色ワセリン「ヨシダ」,白色ワセリン「ヨシダ」,,,10g,24.3,,3部,◆は◆,(局)
ピロカルピン塩酸塩,ピロカルピン塩酸塩,,,1g,1180.3,塩酸ピロカルピン,3部,◆ひ◆,(局)
フェノール,フェノール,,,10mL,11.8,石炭酸,3部,◆ふ◆,(局)
フェノール「コザカイ・Ｍ」,フェノール「コザカイ・Ｍ」,,,10mL,12.5,石炭酸,3部,◆ふ◆,(局)
複方ヨード・グリセリン,複方ヨード・グリセリン,,,10mL,11.3,,3部,◆ふ◆,(局)
複方ヨード・グリセリン「ケンエー」,複方ヨード・グリセリン「ケンエー」,,,10mL,19.2,,3部,◆ふ◆,(局)
複方ヨード・グリセリン（小堺）,複方ヨード・グリセリン（小堺）,,,10mL,19.2,,3部,◆ふ◆,(局)
複方ヨード・グリセリン「ニッコー」,複方ヨード・グリセリン「ニッコー」,,,10mL,24.7,,3部,◆ふ◆,(局)
複方ヨード・グリセリン（山善）,複方ヨード・グリセリン（山善）,,,10mL,14.9,,3部,◆ふ◆,(局)
プロペト,プロペト,,,10g,24.3,,3部,◆ふ◆,(局)
ホウ酸,ホウ酸,,,10g,7.4,,3部,◆ほ◆,(局)
ホウ酸「ケンエー」,ホウ酸「ケンエー」,,,10g,22.8,,3部,◆ほ◆,(局)
ホウ酸「メタル」,ホウ酸「メタル」,,,10g,21.5,,3部,◆ほ◆,(局)
ポビドンヨード液,ポビドンヨード液,,,2％50mL,91.5,,3部,◆ほ◆,
動物用イソジン液,ポビドンヨード液,動物用イソジン液,iNova Pharmaceuticals Japan,2％50mL,91.5,,3部,◆ほ◆,
動物用ネオヨジン液,ポビドンヨード液,動物用ネオヨジン液,岩城製薬,2％50mL,91.5,,3部,◆ほ◆,
動物用ポビドンヨード２％「ＫＳ」,ポビドンヨード液,動物用ポビドンヨード２％「ＫＳ」,共立製薬,2％50mL,91.5,,3部,◆ほ◆,
ＰＶＰヨード液L（フジタ）,ポビドンヨード液,ＰＶＰヨード液L（フジタ）,フジタ製薬,2％50mL,91.5,,3部,◆ほ◆,
麻酔用エーテル,麻酔用エーテル,,,1mL,9.6,,3部,◆ま◆,(局)
滅菌精製水（容器入り）,滅菌精製水（容器入り）,,,10mL,2.7,滅菌精製水,3部,◆め◆,(局)
滅菌精製水「ケンエー」,滅菌精製水「ケンエー」,,,10mL,4.9,滅菌精製水,3部,◆め◆,(局)
滅菌精製水（シオエ）,滅菌精製水（シオエ）,,,10mL,5.1,滅菌精製水,3部,◆め◆,(局)
滅菌精製水（大成薬品）,滅菌精製水（大成薬品）,,,10mL,3.5,滅菌精製水,3部,◆め◆,(局)
滅菌精製水（日興製薬）,滅菌精製水（日興製薬）,,,10mL,5.1,滅菌精製水,3部,◆め◆,(局)
滅菌精製水（光）,滅菌精製水（光）,,,10mL,4.3,滅菌精製水,3部,◆め◆,(局)
滅菌精製水（ヤクハン）,滅菌精製水（ヤクハン）,,,10mL,4.3,滅菌精製水,3部,◆め◆,(局)
滅菌精製水「ヨシダ」,滅菌精製水「ヨシダ」,,,10mL,4.4,滅菌精製水,3部,◆め◆,(局)
薬用石ケン,薬用石ケン,,,10g,57.0,,3部,◆や◆,(局)
ヨウ素,ヨウ素,,,1g,10.3,,3部,◆よ◆,(局)
ヨードチンキ,ヨードチンキ,,,10mL,12.9,,3部,◆よ◆,(局)
ヨードチンキ「ケンエー」,ヨードチンキ「ケンエー」,,,10mL,18.1,,3部,◆よ◆,(局)
ヨードチンキ（小堺）,ヨードチンキ（小堺）,,,10mL,18.1,,3部,◆よ◆,(局)
ヨードチンキ「司生堂」,ヨードチンキ「司生堂」,,,10mL,18.1,,3部,◆よ◆,(局)
ヨードチンキ「タイセイ」,ヨードチンキ「タイセイ」,,,10mL,18.1,,3部,◆よ◆,(局)
ヨードチンキ「東海」,ヨードチンキ「東海」,,,10mL,18.1,,3部,◆よ◆,(局)
ヨードチンキ「東豊」,ヨードチンキ「東豊」,,,10mL,18.1,,3部,◆よ◆,(局)
ヨードチンキ「ニッコー」,ヨードチンキ「ニッコー」,,,10mL,24.3,,3部,◆よ◆,(局)
ヨードチンキ（山善）,ヨードチンキ（山善）,,,10mL,18.1,,3部,◆よ◆,(局)
動物用ヨーチン・SFL,ヨードチンキ（山善）,動物用ヨーチン・SFL,科学飼料研究所,6g100mL,135.5,,3部,◆よ◆,(局)
硫酸亜鉛水和物,硫酸亜鉛水和物,,,10g,9.1,硫酸亜鉛,3部,◆り◆,(局)
硫酸アルミニウムカリウム水和物,硫酸アルミニウムカリウム水和物,,,10g,10.1,ミョウバン、硫酸アルミニウムカリウム,3部,◆り◆,(局)
流動パラフィン,流動パラフィン,,,10mL,8.6,,3部,◆り◆,(局)
流動パラフィン「ケンエー」,流動パラフィン「ケンエー」,,,10mL,9.4,,3部,◆り◆,(局)
流動パラフィン（小堺）,流動パラフィン（小堺）,,,10mL,9.5,,3部,◆り◆,(局)
流動パラフィン「東海」,流動パラフィン「東海」,,,10mL,9.5,,3部,◆り◆,(局)
流動パラフィン「ニッコー」,流動パラフィン「ニッコー」,,,10mL,14.3,,3部,◆り◆,(局)
ロメワン,,ロメワン,千寿製薬,5ｍL,632.5,,3部,◆ろ◆,
塩酸オキシテトラサイクリン乳房注入剤,塩酸オキシテトラサイクリン乳房注入剤,,,450mg(力価)1本,233.0,,4部,◆え◆,
オキシテトラサイクリン乳房炎用液ＮＺ,塩酸オキシテトラサイクリン乳房注入剤,オキシテトラサイクリン乳房炎用液ＮＺ,日本全薬工業,450mg(力価)1本,233.0,,4部,◆え◆,
セファゾリン油性乳房注入剤,セファゾリン油性乳房注入剤,,,150mg(力価)1容器,121.0,,4部,◆せ◆,
セファゾリンL「フジタ」,セファゾリン油性乳房注入剤,セファゾリンL「フジタ」,フジタ製薬,150mg(力価)1容器,121.0,,4部,◆せ◆,
セファメジンＱＲ,セファゾリン油性乳房注入剤,セファメジンＱＲ,日本全薬工業,150mg(力価)1容器,121.0,,4部,◆せ◆,
セファゾリン油性乳房注入剤,セファゾリン油性乳房注入剤,,,150mg(力価)1容器,212.0,,4部,◆せ◆,
セファメジンZ,セファゾリン油性乳房注入剤,セファメジンZ,日本全薬工業,150mg(力価)1容器,212.0,,4部,◆せ◆,
セファゾリン油性乳房注入剤,セファゾリン油性乳房注入剤,,,250mg(力価)1容器,202.0,,4部,◆せ◆,
セファメジンＤＣ,セファゾリン油性乳房注入剤,セファメジンＤＣ,日本全薬工業,250mg(力価)1容器,202.0,,4部,◆せ◆,
セファゾリン油性乳房注入剤,セファゾリン油性乳房注入剤,,,450mg(力価)1容器,506.0,,4部,◆せ◆,
セファゾリン３L「フジタ」,セファゾリン油性乳房注入剤,セファゾリン３L「フジタ」,フジタ製薬,450mg(力価)1容器,506.0,,4部,◆せ◆,
セファメジンＳ,セファゾリン油性乳房注入剤,セファメジンＳ,日本全薬工業,450mg(力価)1容器,506.0,,4部,◆せ◆,
セファロニウム油性乳房注入剤,セファロニウム油性乳房注入剤,,,250mg(力価)1容器,297.0,,4部,◆せ◆,
乾乳期用セファロニウム－Ｄ,セファロニウム油性乳房注入剤,乾乳期用セファロニウム－Ｄ,フジタ製薬,250mg(力価)1容器,297.0,,4部,◆せ◆,
乾乳期用セプラビン,セファロニウム油性乳房注入剤,乾乳期用セプラビン,MSDアニマルヘルス,250mg(力価)1容器,297.0,,4部,◆せ◆,
乾乳期用セプラビン「W」,セファロニウム油性乳房注入剤,乾乳期用セプラビン「W」,MSDアニマルヘルス,250mg(力価)1容器,297.0,,4部,◆せ◆,
セファロニウムＤ「フジタ」,セファロニウム油性乳房注入剤,セファロニウムＤ「フジタ」,フジタ製薬,250mg(力価)1容器,297.0,,4部,◆せ◆,
セフロキシム油性乳房注入剤,セフロキシム油性乳房注入剤,,,250mg(力価)1容器,188.0,,4部,◆せ◆,
泌乳期用スペクトラゾール,セフロキシム油性乳房注入剤,泌乳期用スペクトラゾール,MSDアニマルヘルス,250mg(力価)1容器,188.0,,4部,◆せ◆,
泌乳期用セフロキシム－Ｍ,セフロキシム油性乳房注入剤,泌乳期用セフロキシム－Ｍ,フジタ製薬,250mg(力価)1容器,188.0,,4部,◆せ◆,
セフロキシムL「フジタ」,セフロキシム油性乳房注入剤,セフロキシムL「フジタ」,フジタ製薬,250mg(力価)1容器,188.0,,4部,◆せ◆,
ベンジルペニシリンプロカイン・硫酸カナマイシン油性乳房注入剤,ベンジルペニシリンプロカイン・硫酸カナマイシン油性乳房注入剤,,,PC・G30万単位KM300mg(力価)1本,204.0,,4部,◆へ◆,
タイニーＰＫ,ベンジルペニシリンプロカイン・硫酸カナマイシン油性乳房注入剤,タイニーＰＫ,フジタ製薬,PC・G30万単位KM300mg(力価)1本,204.0,,4部,◆へ◆,
ベンジルペニシリンプロカイン・硫酸ジヒドロストレプトマイシン子宮注入剤,ベンジルペニシリンプロカイン・硫酸ジヒドロストレプトマイシン子宮注入剤,,,PC・G20万単位DSM200mg(力価)1組,1281.0,,4部,◆へ◆,
内膜炎用ネオポリシダールＡ,ベンジルペニシリンプロカイン・硫酸ジヒドロストレプトマイシン子宮注入剤,内膜炎用ネオポリシダールＡ,日本全薬工業,PC・G20万単位DSM200mg(力価)1組,1281.0,,4部,◆へ◆,
ベンジルペニシリンプロカイン・硫酸ジヒドロストレプトマイシン油性乳房注入剤,ベンジルペニシリンプロカイン・硫酸ジヒドロストレプトマイシン油性乳房注入剤,,,PC・G30万単位DSM300mg(力価)1容器,124.0,,4部,◆へ◆,
ニューサルマイＳ,ベンジルペニシリンプロカイン・硫酸ジヒドロストレプトマイシン油性乳房注入剤,ニューサルマイＳ,日本全薬工業,PC・G30万単位DSM300mg(力価)1容器,124.0,,4部,◆へ◆,
ベンジルペニシリンプロカイン・硫酸フラジオマイシン油性乳房注入剤（エアゾール剤）,ベンジルペニシリンプロカイン・硫酸フラジオマイシン油性乳房注入剤（エアゾール剤）,,,PC・G30万単位FM300mg(力価)1本,168.0,,4部,◆へ◆,
ハイポリＳ,ベンジルペニシリンプロカイン・硫酸フラジオマイシン油性乳房注入剤（エアゾール剤）,ハイポリＳ,日本全薬工業,PC・G30万単位FM300mg(力価)1本,168.0,,4部,◆へ◆,
ベンジルペニシリンプロカイン・硫酸ジヒドロストレプトマイシン油性乳房注入剤,ベンジルペニシリンプロカイン・硫酸ジヒドロストレプトマイシン油性乳房注入剤,,,PC・G100万単位DSM1g(力価)1容器,238.0,,4部,◆へ◆,
乾乳用軟膏Ａ,ベンジルペニシリンプロカイン・硫酸ジヒドロストレプトマイシン油性乳房注入剤,乾乳用軟膏Ａ,日本全薬工業,PC・G100万単位DSM1g(力価)1容器,238.0,,4部,◆へ◆,
マストリチン,,マストリチン,共立製薬,10mL,1133.0,,4部,◆ま◆,
アンピシリン注射液,アンピシリン注射液,,,200mg(力価)1mLＶ,20.0,,5部,◆あ◆,
アンピシリンゾル　20％,アンピシリン注射液,アンピシリンゾル　20％,リケンベッツファーマ,200mg(力価)1mLＶ,20.0,令和９年９月30日まで適用,5部,◆あ◆,
